onnx/sat_v30_c38.onnx,vnnlib/sat_v30_c38.vnnlib,100
onnx/unsat_v30_c38.onnx,vnnlib/unsat_v30_c38.vnnlib,100
onnx/sat_v65_c187.onnx,vnnlib/sat_v65_c187.vnnlib,100
onnx/unsat_v65_c187.onnx,vnnlib/unsat_v65_c187.vnnlib,100
onnx/sat_v91_c217.onnx,vnnlib/sat_v91_c217.vnnlib,100
onnx/unsat_v91_c217.onnx,vnnlib/unsat_v91_c217.vnnlib,100
onnx/sat_v14_c57.onnx,vnnlib/sat_v14_c57.vnnlib,100
onnx/unsat_v14_c57.onnx,vnnlib/unsat_v14_c57.vnnlib,100
onnx/sat_v95_c275.onnx,vnnlib/sat_v95_c275.vnnlib,100
onnx/unsat_v95_c275.onnx,vnnlib/unsat_v95_c275.vnnlib,100
onnx/sat_v6_c27.onnx,vnnlib/sat_v6_c27.vnnlib,100
onnx/unsat_v6_c30.onnx,vnnlib/unsat_v6_c30.vnnlib,100
onnx/sat_v6_c27.onnx,vnnlib/sat_v6_c27.vnnlib,100
onnx/unsat_v6_c30.onnx,vnnlib/unsat_v6_c30.vnnlib,100
onnx/sat_v100_c373.onnx,vnnlib/sat_v100_c373.vnnlib,100
onnx/unsat_v100_c373.onnx,vnnlib/unsat_v100_c373.vnnlib,100
onnx/sat_v51_c255.onnx,vnnlib/sat_v51_c255.vnnlib,100
onnx/unsat_v51_c255.onnx,vnnlib/unsat_v51_c255.vnnlib,100
onnx/sat_v25_c45.onnx,vnnlib/sat_v25_c45.vnnlib,100
onnx/unsat_v25_c45.onnx,vnnlib/unsat_v25_c45.vnnlib,100
onnx/sat_v90_c111.onnx,vnnlib/sat_v90_c111.vnnlib,100
onnx/unsat_v90_c111.onnx,vnnlib/unsat_v90_c111.vnnlib,100
onnx/sat_v63_c267.onnx,vnnlib/sat_v63_c267.vnnlib,100
onnx/unsat_v63_c267.onnx,vnnlib/unsat_v63_c267.vnnlib,100
onnx/sat_v18_c87.onnx,vnnlib/sat_v18_c87.vnnlib,100
onnx/unsat_v18_c88.onnx,vnnlib/unsat_v18_c88.vnnlib,100
onnx/sat_v92_c117.onnx,vnnlib/sat_v92_c117.vnnlib,100
onnx/unsat_v92_c117.onnx,vnnlib/unsat_v92_c117.vnnlib,100
onnx/sat_v94_c313.onnx,vnnlib/sat_v94_c313.vnnlib,100
onnx/unsat_v94_c313.onnx,vnnlib/unsat_v94_c313.vnnlib,100
onnx/sat_v24_c66.onnx,vnnlib/sat_v24_c66.vnnlib,100
onnx/unsat_v24_c66.onnx,vnnlib/unsat_v24_c66.vnnlib,100
onnx/sat_v67_c154.onnx,vnnlib/sat_v67_c154.vnnlib,100
onnx/unsat_v67_c154.onnx,vnnlib/unsat_v67_c154.vnnlib,100
onnx/sat_v58_c75.onnx,vnnlib/sat_v58_c75.vnnlib,100
onnx/unsat_v58_c75.onnx,vnnlib/unsat_v58_c75.vnnlib,100
onnx/sat_v40_c142.onnx,vnnlib/sat_v40_c142.vnnlib,100
onnx/unsat_v40_c142.onnx,vnnlib/unsat_v40_c142.vnnlib,100
onnx/sat_v26_c84.onnx,vnnlib/sat_v26_c84.vnnlib,100
onnx/unsat_v26_c84.onnx,vnnlib/unsat_v26_c84.vnnlib,100
onnx/sat_v46_c142.onnx,vnnlib/sat_v46_c142.vnnlib,100
onnx/unsat_v46_c142.onnx,vnnlib/unsat_v46_c142.vnnlib,100
onnx/sat_v56_c239.onnx,vnnlib/sat_v56_c239.vnnlib,100
onnx/unsat_v56_c239.onnx,vnnlib/unsat_v56_c239.vnnlib,100
onnx/sat_v10_c26.onnx,vnnlib/sat_v10_c26.vnnlib,100
onnx/unsat_v10_c26.onnx,vnnlib/unsat_v10_c26.vnnlib,100
onnx/sat_v73_c156.onnx,vnnlib/sat_v73_c156.vnnlib,100
onnx/unsat_v73_c156.onnx,vnnlib/unsat_v73_c156.vnnlib,100
onnx/sat_v85_c186.onnx,vnnlib/sat_v85_c186.vnnlib,100
onnx/unsat_v85_c186.onnx,vnnlib/unsat_v85_c186.vnnlib,100
onnx/sat_v54_c125.onnx,vnnlib/sat_v54_c125.vnnlib,100
onnx/unsat_v54_c125.onnx,vnnlib/unsat_v54_c125.vnnlib,100
onnx/sat_v9_c9.onnx,vnnlib/sat_v9_c9.vnnlib,100
onnx/unsat_v9_c9.onnx,vnnlib/unsat_v9_c9.vnnlib,100
onnx/sat_v9_c14.onnx,vnnlib/sat_v9_c14.vnnlib,100
onnx/unsat_v9_c14.onnx,vnnlib/unsat_v9_c14.vnnlib,100
onnx/sat_v92_c180.onnx,vnnlib/sat_v92_c180.vnnlib,100
onnx/unsat_v92_c180.onnx,vnnlib/unsat_v92_c180.vnnlib,100
onnx/sat_v83_c328.onnx,vnnlib/sat_v83_c328.vnnlib,100
onnx/unsat_v83_c328.onnx,vnnlib/unsat_v83_c328.vnnlib,100
onnx/sat_v37_c63.onnx,vnnlib/sat_v37_c63.vnnlib,100
onnx/unsat_v37_c63.onnx,vnnlib/unsat_v37_c63.vnnlib,100
onnx/sat_v99_c485.onnx,vnnlib/sat_v99_c485.vnnlib,100
onnx/unsat_v99_c485.onnx,vnnlib/unsat_v99_c485.vnnlib,100
onnx/sat_v94_c377.onnx,vnnlib/sat_v94_c377.vnnlib,100
onnx/unsat_v94_c377.onnx,vnnlib/unsat_v94_c377.vnnlib,100
onnx/sat_v87_c243.onnx,vnnlib/sat_v87_c243.vnnlib,100
onnx/unsat_v87_c243.onnx,vnnlib/unsat_v87_c243.vnnlib,100
onnx/sat_v25_c40.onnx,vnnlib/sat_v25_c40.vnnlib,100
onnx/unsat_v25_c40.onnx,vnnlib/unsat_v25_c40.vnnlib,100
onnx/sat_v34_c98.onnx,vnnlib/sat_v34_c98.vnnlib,100
onnx/unsat_v34_c98.onnx,vnnlib/unsat_v34_c98.vnnlib,100
onnx/sat_v70_c178.onnx,vnnlib/sat_v70_c178.vnnlib,100
onnx/unsat_v70_c178.onnx,vnnlib/unsat_v70_c178.vnnlib,100
onnx/sat_v20_c40.onnx,vnnlib/sat_v20_c40.vnnlib,100
onnx/unsat_v20_c40.onnx,vnnlib/unsat_v20_c40.vnnlib,100
onnx/sat_v30_c44.onnx,vnnlib/sat_v30_c44.vnnlib,100
onnx/unsat_v30_c44.onnx,vnnlib/unsat_v30_c44.vnnlib,100
onnx/sat_v63_c286.onnx,vnnlib/sat_v63_c286.vnnlib,100
onnx/unsat_v63_c286.onnx,vnnlib/unsat_v63_c286.vnnlib,100
onnx/sat_v38_c132.onnx,vnnlib/sat_v38_c132.vnnlib,100
onnx/unsat_v38_c132.onnx,vnnlib/unsat_v38_c132.vnnlib,100
onnx/sat_v33_c140.onnx,vnnlib/sat_v33_c140.vnnlib,100
onnx/unsat_v33_c140.onnx,vnnlib/unsat_v33_c140.vnnlib,100
onnx/sat_v90_c449.onnx,vnnlib/sat_v90_c449.vnnlib,100
onnx/unsat_v90_c449.onnx,vnnlib/unsat_v90_c449.vnnlib,100
onnx/sat_v75_c99.onnx,vnnlib/sat_v75_c99.vnnlib,100
onnx/unsat_v75_c99.onnx,vnnlib/unsat_v75_c99.vnnlib,100
onnx/sat_v82_c130.onnx,vnnlib/sat_v82_c130.vnnlib,100
onnx/unsat_v82_c130.onnx,vnnlib/unsat_v82_c130.vnnlib,100
onnx/sat_v64_c234.onnx,vnnlib/sat_v64_c234.vnnlib,100
onnx/unsat_v64_c234.onnx,vnnlib/unsat_v64_c234.vnnlib,100
onnx/sat_v39_c77.onnx,vnnlib/sat_v39_c77.vnnlib,100
onnx/unsat_v39_c77.onnx,vnnlib/unsat_v39_c77.vnnlib,100
onnx/sat_v16_c39.onnx,vnnlib/sat_v16_c39.vnnlib,100
onnx/unsat_v16_c39.onnx,vnnlib/unsat_v16_c39.vnnlib,100
onnx/sat_v85_c207.onnx,vnnlib/sat_v85_c207.vnnlib,100
onnx/unsat_v85_c207.onnx,vnnlib/unsat_v85_c207.vnnlib,100
onnx/sat_v44_c52.onnx,vnnlib/sat_v44_c52.vnnlib,100
onnx/unsat_v44_c52.onnx,vnnlib/unsat_v44_c52.vnnlib,100
