onnx/malware_malimg_family_scaled_linear-25.onnx,vnnlib/malbeware_family-Obfuscator.AD_label-17_eps-1_idx-89.vnnlib,100
onnx/malware_malimg_family_scaled_linear-25.onnx,vnnlib/malbeware_family-VB.AT_label-22_eps-3_idx-112.vnnlib,100
onnx/malware_malimg_family_scaled_linear-25.onnx,vnnlib/malbeware_family-Allaple.A_label-2_eps-3_idx-11.vnnlib,100
onnx/malware_malimg_family_scaled_linear-25.onnx,vnnlib/malbeware_family-Skintrim.N_label-19_eps-3_idx-96.vnnlib,100
onnx/malware_malimg_family_scaled_linear-25.onnx,vnnlib/malbeware_family-Lolyda.AA1_label-12_eps-3_idx-64.vnnlib,100
onnx/malware_malimg_family_scaled_linear-25.onnx,vnnlib/malbeware_family-Agent.FYI_label-1_eps-2_idx-8.vnnlib,100
onnx/malware_malimg_family_scaled_linear-25.onnx,vnnlib/malbeware_family-Alueron.gen!J_label-4_eps-3_idx-21.vnnlib,100
onnx/malware_malimg_family_scaled_linear-25.onnx,vnnlib/malbeware_family-Rbotigen_label-18_eps-2_idx-92.vnnlib,100
onnx/malware_malimg_family_scaled_linear-25.onnx,vnnlib/malbeware_family-Yuner.A_label-24_eps-3_idx-120.vnnlib,100
onnx/malware_malimg_family_scaled_linear-25.onnx,vnnlib/malbeware_family-Swizzor.gen!E_label-20_eps-3_idx-102.vnnlib,100
onnx/malware_malimg_family_scaled_linear-25.onnx,vnnlib/malbeware_family-Lolyda.AA1_label-12_eps-3_idx-60.vnnlib,100
onnx/malware_malimg_family_scaled_linear-25.onnx,vnnlib/malbeware_family-Skintrim.N_label-19_eps-1_idx-96.vnnlib,100
onnx/malware_malimg_family_scaled_linear-25.onnx,vnnlib/malbeware_family-Fakerean_label-10_eps-3_idx-54.vnnlib,100
onnx/malware_malimg_family_scaled_linear-25.onnx,vnnlib/malbeware_family-Allaple.L_label-3_eps-2_idx-16.vnnlib,100
onnx/malware_malimg_family_scaled_linear-25.onnx,vnnlib/malbeware_family-Adialer.C_label-0_eps-1_idx-4.vnnlib,100
onnx/malware_malimg_family_scaled_linear-25.onnx,vnnlib/malbeware_family-Wintrim.BX_label-23_eps-3_idx-119.vnnlib,100
onnx/malware_malimg_family_scaled_linear-25.onnx,vnnlib/malbeware_family-Rbotigen_label-18_eps-2_idx-94.vnnlib,100
onnx/malware_malimg_family_scaled_linear-25.onnx,vnnlib/malbeware_family-Obfuscator.AD_label-17_eps-2_idx-87.vnnlib,100
onnx/malware_malimg_family_scaled_linear-25.onnx,vnnlib/malbeware_family-Lolyda.AA3_label-14_eps-1_idx-71.vnnlib,100
onnx/malware_malimg_family_scaled_linear-25.onnx,vnnlib/malbeware_family-Malex.gen!J_label-16_eps-1_idx-84.vnnlib,100
onnx/malware_malimg_family_scaled_linear-25.onnx,vnnlib/malbeware_family-Dontovo.A_label-9_eps-1_idx-48.vnnlib,100
onnx/malware_malimg_family_scaled_linear-25.onnx,vnnlib/malbeware_family-Swizzor.gen!E_label-20_eps-3_idx-100.vnnlib,100
onnx/malware_malimg_family_scaled_linear-25.onnx,vnnlib/malbeware_family-Wintrim.BX_label-23_eps-2_idx-117.vnnlib,100
onnx/malware_malimg_family_scaled_linear-25.onnx,vnnlib/malbeware_family-Autorun.K_label-5_eps-1_idx-25.vnnlib,100
onnx/malware_malimg_family_scaled_linear-25.onnx,vnnlib/malbeware_family-Lolyda.AA3_label-14_eps-3_idx-71.vnnlib,100
onnx/malware_malimg_family_scaled_linear-25.onnx,vnnlib/malbeware_family-Agent.FYI_label-1_eps-3_idx-8.vnnlib,100
onnx/malware_malimg_family_scaled_linear-25.onnx,vnnlib/malbeware_family-Allaple.A_label-2_eps-3_idx-12.vnnlib,100
onnx/malware_malimg_family_scaled_linear-25.onnx,vnnlib/malbeware_family-Lolyda.AA2_label-13_eps-2_idx-68.vnnlib,100
onnx/malware_malimg_family_scaled_linear-25.onnx,vnnlib/malbeware_family-Lolyda.AA2_label-13_eps-1_idx-66.vnnlib,100
onnx/malware_malimg_family_scaled_linear-25.onnx,vnnlib/malbeware_family-Autorun.K_label-5_eps-2_idx-29.vnnlib,100
onnx/malware_malimg_family_scaled_linear-25.onnx,vnnlib/malbeware_family-Lolyda.AT_label-15_eps-1_idx-79.vnnlib,100
onnx/malware_malimg_family_scaled_linear-25.onnx,vnnlib/malbeware_family-VB.AT_label-22_eps-2_idx-112.vnnlib,100
onnx/malware_malimg_family_scaled_linear-25.onnx,vnnlib/malbeware_family-C2LOP.P_label-6_eps-2_idx-30.vnnlib,100
onnx/malware_malimg_family_scaled_linear-25.onnx,vnnlib/malbeware_family-Instantaccess_label-11_eps-2_idx-57.vnnlib,100
onnx/malware_malimg_family_scaled_linear-25.onnx,vnnlib/malbeware_family-Dialplatform.B_label-8_eps-1_idx-40.vnnlib,100
onnx/malware_malimg_family_scaled_linear-25.onnx,vnnlib/malbeware_family-Malex.gen!J_label-16_eps-3_idx-82.vnnlib,100
onnx/malware_malimg_family_scaled_linear-25.onnx,vnnlib/malbeware_family-Autorun.K_label-5_eps-1_idx-27.vnnlib,100
onnx/malware_malimg_family_scaled_linear-25.onnx,vnnlib/malbeware_family-Allaple.L_label-3_eps-3_idx-16.vnnlib,100
onnx/malware_malimg_family_scaled_linear-25.onnx,vnnlib/malbeware_family-Allaple.L_label-3_eps-1_idx-18.vnnlib,100
onnx/malware_malimg_family_scaled_linear-25.onnx,vnnlib/malbeware_family-Swizzor.gen!E_label-20_eps-2_idx-104.vnnlib,100
onnx/malware_malimg_family_scaled_linear-25.onnx,vnnlib/malbeware_family-VB.AT_label-22_eps-3_idx-111.vnnlib,100
onnx/malware_malimg_family_scaled_linear-25.onnx,vnnlib/malbeware_family-Rbotigen_label-18_eps-2_idx-93.vnnlib,100
onnx/malware_malimg_family_scaled_linear-25.onnx,vnnlib/malbeware_family-Lolyda.AT_label-15_eps-2_idx-76.vnnlib,100
onnx/malware_malimg_family_scaled_linear-25.onnx,vnnlib/malbeware_family-C2LOP.P_label-6_eps-2_idx-31.vnnlib,100
onnx/malware_malimg_family_scaled_linear-25.onnx,vnnlib/malbeware_family-Allaple.L_label-3_eps-2_idx-18.vnnlib,100
onnx/malware_malimg_family_scaled_linear-25.onnx,vnnlib/malbeware_family-Autorun.K_label-5_eps-1_idx-28.vnnlib,100
onnx/malware_malimg_family_scaled_linear-25.onnx,vnnlib/malbeware_family-Allaple.A_label-2_eps-2_idx-13.vnnlib,100
onnx/malware_malimg_family_scaled_linear-25.onnx,vnnlib/malbeware_family-Alueron.gen!J_label-4_eps-1_idx-23.vnnlib,100
onnx/malware_malimg_family_scaled_linear-25.onnx,vnnlib/malbeware_family-Dialplatform.B_label-8_eps-2_idx-43.vnnlib,100
onnx/malware_malimg_family_scaled_linear-25.onnx,vnnlib/malbeware_family-Instantaccess_label-11_eps-2_idx-55.vnnlib,100
onnx/malware_malimg_family_scaled_4-25.onnx,vnnlib/malbeware_family-Obfuscator.AD_label-17_eps-1_idx-89.vnnlib,100
onnx/malware_malimg_family_scaled_4-25.onnx,vnnlib/malbeware_family-VB.AT_label-22_eps-3_idx-112.vnnlib,100
onnx/malware_malimg_family_scaled_4-25.onnx,vnnlib/malbeware_family-Allaple.A_label-2_eps-3_idx-11.vnnlib,100
onnx/malware_malimg_family_scaled_4-25.onnx,vnnlib/malbeware_family-Skintrim.N_label-19_eps-3_idx-96.vnnlib,100
onnx/malware_malimg_family_scaled_4-25.onnx,vnnlib/malbeware_family-Lolyda.AA1_label-12_eps-3_idx-64.vnnlib,100
onnx/malware_malimg_family_scaled_4-25.onnx,vnnlib/malbeware_family-Agent.FYI_label-1_eps-2_idx-8.vnnlib,100
onnx/malware_malimg_family_scaled_4-25.onnx,vnnlib/malbeware_family-Alueron.gen!J_label-4_eps-3_idx-21.vnnlib,100
onnx/malware_malimg_family_scaled_4-25.onnx,vnnlib/malbeware_family-Rbotigen_label-18_eps-2_idx-92.vnnlib,100
onnx/malware_malimg_family_scaled_4-25.onnx,vnnlib/malbeware_family-Yuner.A_label-24_eps-3_idx-120.vnnlib,100
onnx/malware_malimg_family_scaled_4-25.onnx,vnnlib/malbeware_family-Swizzor.gen!E_label-20_eps-3_idx-102.vnnlib,100
onnx/malware_malimg_family_scaled_4-25.onnx,vnnlib/malbeware_family-Lolyda.AA1_label-12_eps-3_idx-60.vnnlib,100
onnx/malware_malimg_family_scaled_4-25.onnx,vnnlib/malbeware_family-Skintrim.N_label-19_eps-1_idx-96.vnnlib,100
onnx/malware_malimg_family_scaled_4-25.onnx,vnnlib/malbeware_family-Fakerean_label-10_eps-3_idx-54.vnnlib,100
onnx/malware_malimg_family_scaled_4-25.onnx,vnnlib/malbeware_family-Allaple.L_label-3_eps-2_idx-16.vnnlib,100
onnx/malware_malimg_family_scaled_4-25.onnx,vnnlib/malbeware_family-Adialer.C_label-0_eps-1_idx-4.vnnlib,100
onnx/malware_malimg_family_scaled_4-25.onnx,vnnlib/malbeware_family-Wintrim.BX_label-23_eps-3_idx-119.vnnlib,100
onnx/malware_malimg_family_scaled_4-25.onnx,vnnlib/malbeware_family-Rbotigen_label-18_eps-2_idx-94.vnnlib,100
onnx/malware_malimg_family_scaled_4-25.onnx,vnnlib/malbeware_family-Obfuscator.AD_label-17_eps-2_idx-87.vnnlib,100
onnx/malware_malimg_family_scaled_4-25.onnx,vnnlib/malbeware_family-Lolyda.AA3_label-14_eps-1_idx-71.vnnlib,100
onnx/malware_malimg_family_scaled_4-25.onnx,vnnlib/malbeware_family-Malex.gen!J_label-16_eps-1_idx-84.vnnlib,100
onnx/malware_malimg_family_scaled_4-25.onnx,vnnlib/malbeware_family-Dontovo.A_label-9_eps-1_idx-48.vnnlib,100
onnx/malware_malimg_family_scaled_4-25.onnx,vnnlib/malbeware_family-Swizzor.gen!E_label-20_eps-3_idx-100.vnnlib,100
onnx/malware_malimg_family_scaled_4-25.onnx,vnnlib/malbeware_family-Wintrim.BX_label-23_eps-2_idx-117.vnnlib,100
onnx/malware_malimg_family_scaled_4-25.onnx,vnnlib/malbeware_family-Autorun.K_label-5_eps-1_idx-25.vnnlib,100
onnx/malware_malimg_family_scaled_4-25.onnx,vnnlib/malbeware_family-Lolyda.AA3_label-14_eps-3_idx-71.vnnlib,100
onnx/malware_malimg_family_scaled_4-25.onnx,vnnlib/malbeware_family-Agent.FYI_label-1_eps-3_idx-8.vnnlib,100
onnx/malware_malimg_family_scaled_4-25.onnx,vnnlib/malbeware_family-Allaple.A_label-2_eps-3_idx-12.vnnlib,100
onnx/malware_malimg_family_scaled_4-25.onnx,vnnlib/malbeware_family-Lolyda.AA2_label-13_eps-2_idx-68.vnnlib,100
onnx/malware_malimg_family_scaled_4-25.onnx,vnnlib/malbeware_family-Lolyda.AA2_label-13_eps-1_idx-66.vnnlib,100
onnx/malware_malimg_family_scaled_4-25.onnx,vnnlib/malbeware_family-Autorun.K_label-5_eps-2_idx-29.vnnlib,100
onnx/malware_malimg_family_scaled_4-25.onnx,vnnlib/malbeware_family-Lolyda.AT_label-15_eps-1_idx-79.vnnlib,100
onnx/malware_malimg_family_scaled_4-25.onnx,vnnlib/malbeware_family-VB.AT_label-22_eps-2_idx-112.vnnlib,100
onnx/malware_malimg_family_scaled_4-25.onnx,vnnlib/malbeware_family-C2LOP.P_label-6_eps-2_idx-30.vnnlib,100
onnx/malware_malimg_family_scaled_4-25.onnx,vnnlib/malbeware_family-Instantaccess_label-11_eps-2_idx-57.vnnlib,100
onnx/malware_malimg_family_scaled_4-25.onnx,vnnlib/malbeware_family-Dialplatform.B_label-8_eps-1_idx-40.vnnlib,100
onnx/malware_malimg_family_scaled_4-25.onnx,vnnlib/malbeware_family-Malex.gen!J_label-16_eps-3_idx-82.vnnlib,100
onnx/malware_malimg_family_scaled_4-25.onnx,vnnlib/malbeware_family-Autorun.K_label-5_eps-1_idx-27.vnnlib,100
onnx/malware_malimg_family_scaled_4-25.onnx,vnnlib/malbeware_family-Allaple.L_label-3_eps-3_idx-16.vnnlib,100
onnx/malware_malimg_family_scaled_4-25.onnx,vnnlib/malbeware_family-Allaple.L_label-3_eps-1_idx-18.vnnlib,100
onnx/malware_malimg_family_scaled_4-25.onnx,vnnlib/malbeware_family-Swizzor.gen!E_label-20_eps-2_idx-104.vnnlib,100
onnx/malware_malimg_family_scaled_4-25.onnx,vnnlib/malbeware_family-VB.AT_label-22_eps-3_idx-111.vnnlib,100
onnx/malware_malimg_family_scaled_4-25.onnx,vnnlib/malbeware_family-Rbotigen_label-18_eps-2_idx-93.vnnlib,100
onnx/malware_malimg_family_scaled_4-25.onnx,vnnlib/malbeware_family-Lolyda.AT_label-15_eps-2_idx-76.vnnlib,100
onnx/malware_malimg_family_scaled_4-25.onnx,vnnlib/malbeware_family-C2LOP.P_label-6_eps-2_idx-31.vnnlib,100
onnx/malware_malimg_family_scaled_4-25.onnx,vnnlib/malbeware_family-Allaple.L_label-3_eps-2_idx-18.vnnlib,100
onnx/malware_malimg_family_scaled_4-25.onnx,vnnlib/malbeware_family-Autorun.K_label-5_eps-1_idx-28.vnnlib,100
onnx/malware_malimg_family_scaled_4-25.onnx,vnnlib/malbeware_family-Allaple.A_label-2_eps-2_idx-13.vnnlib,100
onnx/malware_malimg_family_scaled_4-25.onnx,vnnlib/malbeware_family-Alueron.gen!J_label-4_eps-1_idx-23.vnnlib,100
onnx/malware_malimg_family_scaled_4-25.onnx,vnnlib/malbeware_family-Dialplatform.B_label-8_eps-2_idx-43.vnnlib,100
onnx/malware_malimg_family_scaled_4-25.onnx,vnnlib/malbeware_family-Instantaccess_label-11_eps-2_idx-55.vnnlib,100
onnx/malware_malimg_family_scaled_16-25.onnx,vnnlib/malbeware_family-Obfuscator.AD_label-17_eps-1_idx-89.vnnlib,100
onnx/malware_malimg_family_scaled_16-25.onnx,vnnlib/malbeware_family-VB.AT_label-22_eps-3_idx-112.vnnlib,100
onnx/malware_malimg_family_scaled_16-25.onnx,vnnlib/malbeware_family-Allaple.A_label-2_eps-3_idx-11.vnnlib,100
onnx/malware_malimg_family_scaled_16-25.onnx,vnnlib/malbeware_family-Skintrim.N_label-19_eps-3_idx-96.vnnlib,100
onnx/malware_malimg_family_scaled_16-25.onnx,vnnlib/malbeware_family-Lolyda.AA1_label-12_eps-3_idx-64.vnnlib,100
onnx/malware_malimg_family_scaled_16-25.onnx,vnnlib/malbeware_family-Agent.FYI_label-1_eps-2_idx-8.vnnlib,100
onnx/malware_malimg_family_scaled_16-25.onnx,vnnlib/malbeware_family-Alueron.gen!J_label-4_eps-3_idx-21.vnnlib,100
onnx/malware_malimg_family_scaled_16-25.onnx,vnnlib/malbeware_family-Rbotigen_label-18_eps-2_idx-92.vnnlib,100
onnx/malware_malimg_family_scaled_16-25.onnx,vnnlib/malbeware_family-Yuner.A_label-24_eps-3_idx-120.vnnlib,100
onnx/malware_malimg_family_scaled_16-25.onnx,vnnlib/malbeware_family-Swizzor.gen!E_label-20_eps-3_idx-102.vnnlib,100
onnx/malware_malimg_family_scaled_16-25.onnx,vnnlib/malbeware_family-Lolyda.AA1_label-12_eps-3_idx-60.vnnlib,100
onnx/malware_malimg_family_scaled_16-25.onnx,vnnlib/malbeware_family-Skintrim.N_label-19_eps-1_idx-96.vnnlib,100
onnx/malware_malimg_family_scaled_16-25.onnx,vnnlib/malbeware_family-Fakerean_label-10_eps-3_idx-54.vnnlib,100
onnx/malware_malimg_family_scaled_16-25.onnx,vnnlib/malbeware_family-Allaple.L_label-3_eps-2_idx-16.vnnlib,100
onnx/malware_malimg_family_scaled_16-25.onnx,vnnlib/malbeware_family-Adialer.C_label-0_eps-1_idx-4.vnnlib,100
onnx/malware_malimg_family_scaled_16-25.onnx,vnnlib/malbeware_family-Wintrim.BX_label-23_eps-3_idx-119.vnnlib,100
onnx/malware_malimg_family_scaled_16-25.onnx,vnnlib/malbeware_family-Rbotigen_label-18_eps-2_idx-94.vnnlib,100
onnx/malware_malimg_family_scaled_16-25.onnx,vnnlib/malbeware_family-Obfuscator.AD_label-17_eps-2_idx-87.vnnlib,100
onnx/malware_malimg_family_scaled_16-25.onnx,vnnlib/malbeware_family-Lolyda.AA3_label-14_eps-1_idx-71.vnnlib,100
onnx/malware_malimg_family_scaled_16-25.onnx,vnnlib/malbeware_family-Malex.gen!J_label-16_eps-1_idx-84.vnnlib,100
onnx/malware_malimg_family_scaled_16-25.onnx,vnnlib/malbeware_family-Dontovo.A_label-9_eps-1_idx-48.vnnlib,100
onnx/malware_malimg_family_scaled_16-25.onnx,vnnlib/malbeware_family-Swizzor.gen!E_label-20_eps-3_idx-100.vnnlib,100
onnx/malware_malimg_family_scaled_16-25.onnx,vnnlib/malbeware_family-Wintrim.BX_label-23_eps-2_idx-117.vnnlib,100
onnx/malware_malimg_family_scaled_16-25.onnx,vnnlib/malbeware_family-Autorun.K_label-5_eps-1_idx-25.vnnlib,100
onnx/malware_malimg_family_scaled_16-25.onnx,vnnlib/malbeware_family-Lolyda.AA3_label-14_eps-3_idx-71.vnnlib,100
onnx/malware_malimg_family_scaled_16-25.onnx,vnnlib/malbeware_family-Agent.FYI_label-1_eps-3_idx-8.vnnlib,100
onnx/malware_malimg_family_scaled_16-25.onnx,vnnlib/malbeware_family-Allaple.A_label-2_eps-3_idx-12.vnnlib,100
onnx/malware_malimg_family_scaled_16-25.onnx,vnnlib/malbeware_family-Lolyda.AA2_label-13_eps-2_idx-68.vnnlib,100
onnx/malware_malimg_family_scaled_16-25.onnx,vnnlib/malbeware_family-Lolyda.AA2_label-13_eps-1_idx-66.vnnlib,100
onnx/malware_malimg_family_scaled_16-25.onnx,vnnlib/malbeware_family-Autorun.K_label-5_eps-2_idx-29.vnnlib,100
onnx/malware_malimg_family_scaled_16-25.onnx,vnnlib/malbeware_family-Lolyda.AT_label-15_eps-1_idx-79.vnnlib,100
onnx/malware_malimg_family_scaled_16-25.onnx,vnnlib/malbeware_family-VB.AT_label-22_eps-2_idx-112.vnnlib,100
onnx/malware_malimg_family_scaled_16-25.onnx,vnnlib/malbeware_family-C2LOP.P_label-6_eps-2_idx-30.vnnlib,100
onnx/malware_malimg_family_scaled_16-25.onnx,vnnlib/malbeware_family-Instantaccess_label-11_eps-2_idx-57.vnnlib,100
onnx/malware_malimg_family_scaled_16-25.onnx,vnnlib/malbeware_family-Dialplatform.B_label-8_eps-1_idx-40.vnnlib,100
onnx/malware_malimg_family_scaled_16-25.onnx,vnnlib/malbeware_family-Malex.gen!J_label-16_eps-3_idx-82.vnnlib,100
onnx/malware_malimg_family_scaled_16-25.onnx,vnnlib/malbeware_family-Autorun.K_label-5_eps-1_idx-27.vnnlib,100
onnx/malware_malimg_family_scaled_16-25.onnx,vnnlib/malbeware_family-Allaple.L_label-3_eps-3_idx-16.vnnlib,100
onnx/malware_malimg_family_scaled_16-25.onnx,vnnlib/malbeware_family-Allaple.L_label-3_eps-1_idx-18.vnnlib,100
onnx/malware_malimg_family_scaled_16-25.onnx,vnnlib/malbeware_family-Swizzor.gen!E_label-20_eps-2_idx-104.vnnlib,100
onnx/malware_malimg_family_scaled_16-25.onnx,vnnlib/malbeware_family-VB.AT_label-22_eps-3_idx-111.vnnlib,100
onnx/malware_malimg_family_scaled_16-25.onnx,vnnlib/malbeware_family-Rbotigen_label-18_eps-2_idx-93.vnnlib,100
onnx/malware_malimg_family_scaled_16-25.onnx,vnnlib/malbeware_family-Lolyda.AT_label-15_eps-2_idx-76.vnnlib,100
onnx/malware_malimg_family_scaled_16-25.onnx,vnnlib/malbeware_family-C2LOP.P_label-6_eps-2_idx-31.vnnlib,100
onnx/malware_malimg_family_scaled_16-25.onnx,vnnlib/malbeware_family-Allaple.L_label-3_eps-2_idx-18.vnnlib,100
onnx/malware_malimg_family_scaled_16-25.onnx,vnnlib/malbeware_family-Autorun.K_label-5_eps-1_idx-28.vnnlib,100
onnx/malware_malimg_family_scaled_16-25.onnx,vnnlib/malbeware_family-Allaple.A_label-2_eps-2_idx-13.vnnlib,100
onnx/malware_malimg_family_scaled_16-25.onnx,vnnlib/malbeware_family-Alueron.gen!J_label-4_eps-1_idx-23.vnnlib,100
onnx/malware_malimg_family_scaled_16-25.onnx,vnnlib/malbeware_family-Dialplatform.B_label-8_eps-2_idx-43.vnnlib,100
onnx/malware_malimg_family_scaled_16-25.onnx,vnnlib/malbeware_family-Instantaccess_label-11_eps-2_idx-55.vnnlib,100
