onnx/CIFAR100_resnet_medium.onnx,vnnlib/CIFAR100_resnet_medium_prop_idx_7641_sidx_1041_eps_0.0039.vnnlib,100
onnx/CIFAR100_resnet_medium.onnx,vnnlib/CIFAR100_resnet_medium_prop_idx_2132_sidx_6868_eps_0.0039.vnnlib,100
onnx/CIFAR100_resnet_medium.onnx,vnnlib/CIFAR100_resnet_medium_prop_idx_6232_sidx_3020_eps_0.0039.vnnlib,100
onnx/CIFAR100_resnet_medium.onnx,vnnlib/CIFAR100_resnet_medium_prop_idx_9694_sidx_2810_eps_0.0039.vnnlib,100
onnx/CIFAR100_resnet_medium.onnx,vnnlib/CIFAR100_resnet_medium_prop_idx_4760_sidx_4651_eps_0.0039.vnnlib,100
onnx/CIFAR100_resnet_medium.onnx,vnnlib/CIFAR100_resnet_medium_prop_idx_6135_sidx_4586_eps_0.0039.vnnlib,100
onnx/CIFAR100_resnet_medium.onnx,vnnlib/CIFAR100_resnet_medium_prop_idx_4921_sidx_3617_eps_0.0039.vnnlib,100
onnx/CIFAR100_resnet_medium.onnx,vnnlib/CIFAR100_resnet_medium_prop_idx_5242_sidx_1208_eps_0.0039.vnnlib,100
onnx/CIFAR100_resnet_medium.onnx,vnnlib/CIFAR100_resnet_medium_prop_idx_2176_sidx_3285_eps_0.0039.vnnlib,100
onnx/CIFAR100_resnet_medium.onnx,vnnlib/CIFAR100_resnet_medium_prop_idx_8762_sidx_3374_eps_0.0039.vnnlib,100
onnx/CIFAR100_resnet_medium.onnx,vnnlib/CIFAR100_resnet_medium_prop_idx_7704_sidx_3701_eps_0.0039.vnnlib,100
onnx/CIFAR100_resnet_medium.onnx,vnnlib/CIFAR100_resnet_medium_prop_idx_4752_sidx_1800_eps_0.0039.vnnlib,100
onnx/CIFAR100_resnet_medium.onnx,vnnlib/CIFAR100_resnet_medium_prop_idx_6415_sidx_4543_eps_0.0039.vnnlib,100
onnx/CIFAR100_resnet_medium.onnx,vnnlib/CIFAR100_resnet_medium_prop_idx_2477_sidx_388_eps_0.0039.vnnlib,100
onnx/CIFAR100_resnet_medium.onnx,vnnlib/CIFAR100_resnet_medium_prop_idx_6553_sidx_7265_eps_0.0039.vnnlib,100
onnx/CIFAR100_resnet_medium.onnx,vnnlib/CIFAR100_resnet_medium_prop_idx_8600_sidx_2721_eps_0.0039.vnnlib,100
onnx/CIFAR100_resnet_medium.onnx,vnnlib/CIFAR100_resnet_medium_prop_idx_7258_sidx_3539_eps_0.0039.vnnlib,100
onnx/CIFAR100_resnet_medium.onnx,vnnlib/CIFAR100_resnet_medium_prop_idx_6659_sidx_4583_eps_0.0039.vnnlib,100
onnx/CIFAR100_resnet_medium.onnx,vnnlib/CIFAR100_resnet_medium_prop_idx_885_sidx_7654_eps_0.0039.vnnlib,100
onnx/CIFAR100_resnet_medium.onnx,vnnlib/CIFAR100_resnet_medium_prop_idx_3006_sidx_928_eps_0.0039.vnnlib,100
onnx/CIFAR100_resnet_medium.onnx,vnnlib/CIFAR100_resnet_medium_prop_idx_1588_sidx_6654_eps_0.0039.vnnlib,100
onnx/CIFAR100_resnet_medium.onnx,vnnlib/CIFAR100_resnet_medium_prop_idx_8594_sidx_5815_eps_0.0039.vnnlib,100
onnx/CIFAR100_resnet_medium.onnx,vnnlib/CIFAR100_resnet_medium_prop_idx_9658_sidx_1660_eps_0.0039.vnnlib,100
onnx/CIFAR100_resnet_medium.onnx,vnnlib/CIFAR100_resnet_medium_prop_idx_8505_sidx_1690_eps_0.0039.vnnlib,100
onnx/CIFAR100_resnet_medium.onnx,vnnlib/CIFAR100_resnet_medium_prop_idx_8945_sidx_3584_eps_0.0039.vnnlib,100
onnx/CIFAR100_resnet_medium.onnx,vnnlib/CIFAR100_resnet_medium_prop_idx_6585_sidx_533_eps_0.0039.vnnlib,100
onnx/CIFAR100_resnet_medium.onnx,vnnlib/CIFAR100_resnet_medium_prop_idx_6573_sidx_5525_eps_0.0039.vnnlib,100
onnx/CIFAR100_resnet_medium.onnx,vnnlib/CIFAR100_resnet_medium_prop_idx_8619_sidx_4461_eps_0.0039.vnnlib,100
onnx/CIFAR100_resnet_medium.onnx,vnnlib/CIFAR100_resnet_medium_prop_idx_54_sidx_9735_eps_0.0039.vnnlib,100
onnx/CIFAR100_resnet_medium.onnx,vnnlib/CIFAR100_resnet_medium_prop_idx_4429_sidx_1471_eps_0.0039.vnnlib,100
onnx/CIFAR100_resnet_medium.onnx,vnnlib/CIFAR100_resnet_medium_prop_idx_1190_sidx_8846_eps_0.0039.vnnlib,100
onnx/CIFAR100_resnet_medium.onnx,vnnlib/CIFAR100_resnet_medium_prop_idx_7569_sidx_2906_eps_0.0039.vnnlib,100
onnx/CIFAR100_resnet_medium.onnx,vnnlib/CIFAR100_resnet_medium_prop_idx_9897_sidx_9124_eps_0.0039.vnnlib,100
onnx/CIFAR100_resnet_medium.onnx,vnnlib/CIFAR100_resnet_medium_prop_idx_5831_sidx_5506_eps_0.0039.vnnlib,100
onnx/CIFAR100_resnet_medium.onnx,vnnlib/CIFAR100_resnet_medium_prop_idx_4169_sidx_9758_eps_0.0039.vnnlib,100
onnx/CIFAR100_resnet_medium.onnx,vnnlib/CIFAR100_resnet_medium_prop_idx_8196_sidx_3864_eps_0.0039.vnnlib,100
onnx/CIFAR100_resnet_medium.onnx,vnnlib/CIFAR100_resnet_medium_prop_idx_6583_sidx_8860_eps_0.0039.vnnlib,100
onnx/CIFAR100_resnet_medium.onnx,vnnlib/CIFAR100_resnet_medium_prop_idx_8523_sidx_9936_eps_0.0039.vnnlib,100
onnx/CIFAR100_resnet_medium.onnx,vnnlib/CIFAR100_resnet_medium_prop_idx_3418_sidx_4225_eps_0.0039.vnnlib,100
onnx/CIFAR100_resnet_medium.onnx,vnnlib/CIFAR100_resnet_medium_prop_idx_7431_sidx_7329_eps_0.0039.vnnlib,100
onnx/CIFAR100_resnet_medium.onnx,vnnlib/CIFAR100_resnet_medium_prop_idx_6010_sidx_5369_eps_0.0039.vnnlib,100
onnx/CIFAR100_resnet_medium.onnx,vnnlib/CIFAR100_resnet_medium_prop_idx_5127_sidx_993_eps_0.0039.vnnlib,100
onnx/CIFAR100_resnet_medium.onnx,vnnlib/CIFAR100_resnet_medium_prop_idx_6263_sidx_7644_eps_0.0039.vnnlib,100
onnx/CIFAR100_resnet_medium.onnx,vnnlib/CIFAR100_resnet_medium_prop_idx_5001_sidx_1154_eps_0.0039.vnnlib,100
onnx/CIFAR100_resnet_medium.onnx,vnnlib/CIFAR100_resnet_medium_prop_idx_4597_sidx_282_eps_0.0039.vnnlib,100
onnx/CIFAR100_resnet_medium.onnx,vnnlib/CIFAR100_resnet_medium_prop_idx_3184_sidx_9092_eps_0.0039.vnnlib,100
onnx/CIFAR100_resnet_medium.onnx,vnnlib/CIFAR100_resnet_medium_prop_idx_3343_sidx_1406_eps_0.0039.vnnlib,100
onnx/CIFAR100_resnet_medium.onnx,vnnlib/CIFAR100_resnet_medium_prop_idx_8330_sidx_7593_eps_0.0039.vnnlib,100
onnx/CIFAR100_resnet_medium.onnx,vnnlib/CIFAR100_resnet_medium_prop_idx_5634_sidx_9441_eps_0.0039.vnnlib,100
onnx/CIFAR100_resnet_medium.onnx,vnnlib/CIFAR100_resnet_medium_prop_idx_7478_sidx_6593_eps_0.0039.vnnlib,100
onnx/CIFAR100_resnet_medium.onnx,vnnlib/CIFAR100_resnet_medium_prop_idx_913_sidx_2404_eps_0.0039.vnnlib,100
onnx/CIFAR100_resnet_medium.onnx,vnnlib/CIFAR100_resnet_medium_prop_idx_1761_sidx_3933_eps_0.0039.vnnlib,100
onnx/CIFAR100_resnet_medium.onnx,vnnlib/CIFAR100_resnet_medium_prop_idx_1798_sidx_1061_eps_0.0039.vnnlib,100
onnx/CIFAR100_resnet_medium.onnx,vnnlib/CIFAR100_resnet_medium_prop_idx_8450_sidx_9332_eps_0.0039.vnnlib,100
onnx/CIFAR100_resnet_medium.onnx,vnnlib/CIFAR100_resnet_medium_prop_idx_1592_sidx_3741_eps_0.0039.vnnlib,100
onnx/CIFAR100_resnet_medium.onnx,vnnlib/CIFAR100_resnet_medium_prop_idx_230_sidx_1968_eps_0.0039.vnnlib,100
onnx/CIFAR100_resnet_medium.onnx,vnnlib/CIFAR100_resnet_medium_prop_idx_5791_sidx_5659_eps_0.0039.vnnlib,100
onnx/CIFAR100_resnet_medium.onnx,vnnlib/CIFAR100_resnet_medium_prop_idx_4475_sidx_752_eps_0.0039.vnnlib,100
onnx/CIFAR100_resnet_medium.onnx,vnnlib/CIFAR100_resnet_medium_prop_idx_3247_sidx_1605_eps_0.0039.vnnlib,100
onnx/CIFAR100_resnet_medium.onnx,vnnlib/CIFAR100_resnet_medium_prop_idx_2557_sidx_6196_eps_0.0039.vnnlib,100
onnx/CIFAR100_resnet_medium.onnx,vnnlib/CIFAR100_resnet_medium_prop_idx_4191_sidx_3301_eps_0.0039.vnnlib,100
onnx/CIFAR100_resnet_medium.onnx,vnnlib/CIFAR100_resnet_medium_prop_idx_2697_sidx_4836_eps_0.0039.vnnlib,100
onnx/CIFAR100_resnet_medium.onnx,vnnlib/CIFAR100_resnet_medium_prop_idx_9665_sidx_9074_eps_0.0039.vnnlib,100
onnx/CIFAR100_resnet_medium.onnx,vnnlib/CIFAR100_resnet_medium_prop_idx_9518_sidx_9183_eps_0.0039.vnnlib,100
onnx/CIFAR100_resnet_medium.onnx,vnnlib/CIFAR100_resnet_medium_prop_idx_5973_sidx_7841_eps_0.0039.vnnlib,100
onnx/CIFAR100_resnet_medium.onnx,vnnlib/CIFAR100_resnet_medium_prop_idx_9845_sidx_200_eps_0.0039.vnnlib,100
onnx/CIFAR100_resnet_medium.onnx,vnnlib/CIFAR100_resnet_medium_prop_idx_2779_sidx_6416_eps_0.0039.vnnlib,100
onnx/CIFAR100_resnet_medium.onnx,vnnlib/CIFAR100_resnet_medium_prop_idx_6292_sidx_5430_eps_0.0039.vnnlib,100
onnx/CIFAR100_resnet_medium.onnx,vnnlib/CIFAR100_resnet_medium_prop_idx_8642_sidx_9095_eps_0.0039.vnnlib,100
onnx/CIFAR100_resnet_medium.onnx,vnnlib/CIFAR100_resnet_medium_prop_idx_6049_sidx_4719_eps_0.0039.vnnlib,100
onnx/CIFAR100_resnet_medium.onnx,vnnlib/CIFAR100_resnet_medium_prop_idx_8739_sidx_1540_eps_0.0039.vnnlib,100
onnx/CIFAR100_resnet_medium.onnx,vnnlib/CIFAR100_resnet_medium_prop_idx_7034_sidx_4129_eps_0.0039.vnnlib,100
onnx/CIFAR100_resnet_medium.onnx,vnnlib/CIFAR100_resnet_medium_prop_idx_1498_sidx_792_eps_0.0039.vnnlib,100
onnx/CIFAR100_resnet_medium.onnx,vnnlib/CIFAR100_resnet_medium_prop_idx_3898_sidx_9109_eps_0.0039.vnnlib,100
onnx/CIFAR100_resnet_medium.onnx,vnnlib/CIFAR100_resnet_medium_prop_idx_854_sidx_6893_eps_0.0039.vnnlib,100
onnx/CIFAR100_resnet_medium.onnx,vnnlib/CIFAR100_resnet_medium_prop_idx_9502_sidx_7197_eps_0.0039.vnnlib,100
onnx/CIFAR100_resnet_medium.onnx,vnnlib/CIFAR100_resnet_medium_prop_idx_2551_sidx_9941_eps_0.0039.vnnlib,100
onnx/CIFAR100_resnet_medium.onnx,vnnlib/CIFAR100_resnet_medium_prop_idx_7658_sidx_1537_eps_0.0039.vnnlib,100
onnx/CIFAR100_resnet_medium.onnx,vnnlib/CIFAR100_resnet_medium_prop_idx_9726_sidx_4400_eps_0.0039.vnnlib,100
onnx/CIFAR100_resnet_medium.onnx,vnnlib/CIFAR100_resnet_medium_prop_idx_9313_sidx_6462_eps_0.0039.vnnlib,100
onnx/CIFAR100_resnet_medium.onnx,vnnlib/CIFAR100_resnet_medium_prop_idx_815_sidx_1902_eps_0.0039.vnnlib,100
onnx/CIFAR100_resnet_medium.onnx,vnnlib/CIFAR100_resnet_medium_prop_idx_6491_sidx_3620_eps_0.0039.vnnlib,100
onnx/CIFAR100_resnet_medium.onnx,vnnlib/CIFAR100_resnet_medium_prop_idx_4605_sidx_6225_eps_0.0039.vnnlib,100
onnx/CIFAR100_resnet_medium.onnx,vnnlib/CIFAR100_resnet_medium_prop_idx_2352_sidx_2704_eps_0.0039.vnnlib,100
onnx/CIFAR100_resnet_medium.onnx,vnnlib/CIFAR100_resnet_medium_prop_idx_1642_sidx_7494_eps_0.0039.vnnlib,100
onnx/CIFAR100_resnet_medium.onnx,vnnlib/CIFAR100_resnet_medium_prop_idx_8502_sidx_2893_eps_0.0039.vnnlib,100
onnx/CIFAR100_resnet_medium.onnx,vnnlib/CIFAR100_resnet_medium_prop_idx_4964_sidx_5266_eps_0.0039.vnnlib,100
onnx/CIFAR100_resnet_medium.onnx,vnnlib/CIFAR100_resnet_medium_prop_idx_6369_sidx_8824_eps_0.0039.vnnlib,100
onnx/CIFAR100_resnet_medium.onnx,vnnlib/CIFAR100_resnet_medium_prop_idx_966_sidx_2330_eps_0.0039.vnnlib,100
onnx/CIFAR100_resnet_medium.onnx,vnnlib/CIFAR100_resnet_medium_prop_idx_9162_sidx_4337_eps_0.0039.vnnlib,100
onnx/CIFAR100_resnet_medium.onnx,vnnlib/CIFAR100_resnet_medium_prop_idx_425_sidx_9099_eps_0.0039.vnnlib,100
onnx/CIFAR100_resnet_medium.onnx,vnnlib/CIFAR100_resnet_medium_prop_idx_4898_sidx_6695_eps_0.0039.vnnlib,100
onnx/CIFAR100_resnet_medium.onnx,vnnlib/CIFAR100_resnet_medium_prop_idx_7500_sidx_40_eps_0.0039.vnnlib,100
onnx/CIFAR100_resnet_medium.onnx,vnnlib/CIFAR100_resnet_medium_prop_idx_7176_sidx_1522_eps_0.0039.vnnlib,100
onnx/CIFAR100_resnet_medium.onnx,vnnlib/CIFAR100_resnet_medium_prop_idx_2050_sidx_8228_eps_0.0039.vnnlib,100
onnx/CIFAR100_resnet_medium.onnx,vnnlib/CIFAR100_resnet_medium_prop_idx_7470_sidx_4555_eps_0.0039.vnnlib,100
onnx/CIFAR100_resnet_medium.onnx,vnnlib/CIFAR100_resnet_medium_prop_idx_5797_sidx_6343_eps_0.0039.vnnlib,100
onnx/CIFAR100_resnet_medium.onnx,vnnlib/CIFAR100_resnet_medium_prop_idx_5894_sidx_5577_eps_0.0039.vnnlib,100
onnx/CIFAR100_resnet_medium.onnx,vnnlib/CIFAR100_resnet_medium_prop_idx_3852_sidx_2848_eps_0.0039.vnnlib,100
onnx/CIFAR100_resnet_medium.onnx,vnnlib/CIFAR100_resnet_medium_prop_idx_2925_sidx_8815_eps_0.0039.vnnlib,100
onnx/CIFAR100_resnet_large.onnx,vnnlib/CIFAR100_resnet_large_prop_idx_496_sidx_1194_eps_0.0039.vnnlib,100
onnx/CIFAR100_resnet_large.onnx,vnnlib/CIFAR100_resnet_large_prop_idx_4385_sidx_9116_eps_0.0039.vnnlib,100
onnx/CIFAR100_resnet_large.onnx,vnnlib/CIFAR100_resnet_large_prop_idx_5308_sidx_1650_eps_0.0039.vnnlib,100
onnx/CIFAR100_resnet_large.onnx,vnnlib/CIFAR100_resnet_large_prop_idx_4757_sidx_803_eps_0.0039.vnnlib,100
onnx/CIFAR100_resnet_large.onnx,vnnlib/CIFAR100_resnet_large_prop_idx_4227_sidx_5883_eps_0.0039.vnnlib,100
onnx/CIFAR100_resnet_large.onnx,vnnlib/CIFAR100_resnet_large_prop_idx_8589_sidx_3105_eps_0.0039.vnnlib,100
onnx/CIFAR100_resnet_large.onnx,vnnlib/CIFAR100_resnet_large_prop_idx_8476_sidx_3906_eps_0.0039.vnnlib,100
onnx/CIFAR100_resnet_large.onnx,vnnlib/CIFAR100_resnet_large_prop_idx_1456_sidx_5797_eps_0.0039.vnnlib,100
onnx/CIFAR100_resnet_large.onnx,vnnlib/CIFAR100_resnet_large_prop_idx_998_sidx_7605_eps_0.0039.vnnlib,100
onnx/CIFAR100_resnet_large.onnx,vnnlib/CIFAR100_resnet_large_prop_idx_9778_sidx_7516_eps_0.0039.vnnlib,100
onnx/CIFAR100_resnet_large.onnx,vnnlib/CIFAR100_resnet_large_prop_idx_1063_sidx_7948_eps_0.0039.vnnlib,100
onnx/CIFAR100_resnet_large.onnx,vnnlib/CIFAR100_resnet_large_prop_idx_1426_sidx_3855_eps_0.0039.vnnlib,100
onnx/CIFAR100_resnet_large.onnx,vnnlib/CIFAR100_resnet_large_prop_idx_3355_sidx_212_eps_0.0039.vnnlib,100
onnx/CIFAR100_resnet_large.onnx,vnnlib/CIFAR100_resnet_large_prop_idx_1439_sidx_8354_eps_0.0039.vnnlib,100
onnx/CIFAR100_resnet_large.onnx,vnnlib/CIFAR100_resnet_large_prop_idx_3585_sidx_3469_eps_0.0039.vnnlib,100
onnx/CIFAR100_resnet_large.onnx,vnnlib/CIFAR100_resnet_large_prop_idx_2636_sidx_1992_eps_0.0039.vnnlib,100
onnx/CIFAR100_resnet_large.onnx,vnnlib/CIFAR100_resnet_large_prop_idx_6101_sidx_3593_eps_0.0039.vnnlib,100
onnx/CIFAR100_resnet_large.onnx,vnnlib/CIFAR100_resnet_large_prop_idx_1059_sidx_6596_eps_0.0039.vnnlib,100
onnx/CIFAR100_resnet_large.onnx,vnnlib/CIFAR100_resnet_large_prop_idx_9773_sidx_3718_eps_0.0039.vnnlib,100
onnx/CIFAR100_resnet_large.onnx,vnnlib/CIFAR100_resnet_large_prop_idx_7890_sidx_4421_eps_0.0039.vnnlib,100
onnx/CIFAR100_resnet_large.onnx,vnnlib/CIFAR100_resnet_large_prop_idx_2993_sidx_2485_eps_0.0039.vnnlib,100
onnx/CIFAR100_resnet_large.onnx,vnnlib/CIFAR100_resnet_large_prop_idx_1105_sidx_9000_eps_0.0039.vnnlib,100
onnx/CIFAR100_resnet_large.onnx,vnnlib/CIFAR100_resnet_large_prop_idx_383_sidx_3388_eps_0.0039.vnnlib,100
onnx/CIFAR100_resnet_large.onnx,vnnlib/CIFAR100_resnet_large_prop_idx_6341_sidx_3142_eps_0.0039.vnnlib,100
onnx/CIFAR100_resnet_large.onnx,vnnlib/CIFAR100_resnet_large_prop_idx_2132_sidx_6868_eps_0.0039.vnnlib,100
onnx/CIFAR100_resnet_large.onnx,vnnlib/CIFAR100_resnet_large_prop_idx_3443_sidx_918_eps_0.0039.vnnlib,100
onnx/CIFAR100_resnet_large.onnx,vnnlib/CIFAR100_resnet_large_prop_idx_8119_sidx_972_eps_0.0039.vnnlib,100
onnx/CIFAR100_resnet_large.onnx,vnnlib/CIFAR100_resnet_large_prop_idx_484_sidx_161_eps_0.0039.vnnlib,100
onnx/CIFAR100_resnet_large.onnx,vnnlib/CIFAR100_resnet_large_prop_idx_62_sidx_313_eps_0.0039.vnnlib,100
onnx/CIFAR100_resnet_large.onnx,vnnlib/CIFAR100_resnet_large_prop_idx_6269_sidx_6873_eps_0.0039.vnnlib,100
onnx/CIFAR100_resnet_large.onnx,vnnlib/CIFAR100_resnet_large_prop_idx_3703_sidx_3842_eps_0.0039.vnnlib,100
onnx/CIFAR100_resnet_large.onnx,vnnlib/CIFAR100_resnet_large_prop_idx_2998_sidx_6947_eps_0.0039.vnnlib,100
onnx/CIFAR100_resnet_large.onnx,vnnlib/CIFAR100_resnet_large_prop_idx_7926_sidx_589_eps_0.0039.vnnlib,100
onnx/CIFAR100_resnet_large.onnx,vnnlib/CIFAR100_resnet_large_prop_idx_3681_sidx_4987_eps_0.0039.vnnlib,100
onnx/CIFAR100_resnet_large.onnx,vnnlib/CIFAR100_resnet_large_prop_idx_5410_sidx_2762_eps_0.0039.vnnlib,100
onnx/CIFAR100_resnet_large.onnx,vnnlib/CIFAR100_resnet_large_prop_idx_1280_sidx_5310_eps_0.0039.vnnlib,100
onnx/CIFAR100_resnet_large.onnx,vnnlib/CIFAR100_resnet_large_prop_idx_7233_sidx_4318_eps_0.0039.vnnlib,100
onnx/CIFAR100_resnet_large.onnx,vnnlib/CIFAR100_resnet_large_prop_idx_2724_sidx_6459_eps_0.0039.vnnlib,100
onnx/CIFAR100_resnet_large.onnx,vnnlib/CIFAR100_resnet_large_prop_idx_3894_sidx_5803_eps_0.0039.vnnlib,100
onnx/CIFAR100_resnet_large.onnx,vnnlib/CIFAR100_resnet_large_prop_idx_3858_sidx_134_eps_0.0039.vnnlib,100
onnx/CIFAR100_resnet_large.onnx,vnnlib/CIFAR100_resnet_large_prop_idx_8005_sidx_2582_eps_0.0039.vnnlib,100
onnx/CIFAR100_resnet_large.onnx,vnnlib/CIFAR100_resnet_large_prop_idx_1298_sidx_33_eps_0.0039.vnnlib,100
onnx/CIFAR100_resnet_large.onnx,vnnlib/CIFAR100_resnet_large_prop_idx_9935_sidx_75_eps_0.0039.vnnlib,100
onnx/CIFAR100_resnet_large.onnx,vnnlib/CIFAR100_resnet_large_prop_idx_276_sidx_476_eps_0.0039.vnnlib,100
onnx/CIFAR100_resnet_large.onnx,vnnlib/CIFAR100_resnet_large_prop_idx_1913_sidx_2767_eps_0.0039.vnnlib,100
onnx/CIFAR100_resnet_large.onnx,vnnlib/CIFAR100_resnet_large_prop_idx_1309_sidx_8525_eps_0.0039.vnnlib,100
onnx/CIFAR100_resnet_large.onnx,vnnlib/CIFAR100_resnet_large_prop_idx_4862_sidx_9853_eps_0.0039.vnnlib,100
onnx/CIFAR100_resnet_large.onnx,vnnlib/CIFAR100_resnet_large_prop_idx_7554_sidx_8201_eps_0.0039.vnnlib,100
onnx/CIFAR100_resnet_large.onnx,vnnlib/CIFAR100_resnet_large_prop_idx_4571_sidx_3801_eps_0.0039.vnnlib,100
onnx/CIFAR100_resnet_large.onnx,vnnlib/CIFAR100_resnet_large_prop_idx_5769_sidx_1524_eps_0.0039.vnnlib,100
onnx/CIFAR100_resnet_large.onnx,vnnlib/CIFAR100_resnet_large_prop_idx_8748_sidx_4804_eps_0.0039.vnnlib,100
onnx/CIFAR100_resnet_large.onnx,vnnlib/CIFAR100_resnet_large_prop_idx_3950_sidx_4217_eps_0.0039.vnnlib,100
onnx/CIFAR100_resnet_large.onnx,vnnlib/CIFAR100_resnet_large_prop_idx_7886_sidx_7064_eps_0.0039.vnnlib,100
onnx/CIFAR100_resnet_large.onnx,vnnlib/CIFAR100_resnet_large_prop_idx_4652_sidx_1371_eps_0.0039.vnnlib,100
onnx/CIFAR100_resnet_large.onnx,vnnlib/CIFAR100_resnet_large_prop_idx_1938_sidx_6556_eps_0.0039.vnnlib,100
onnx/CIFAR100_resnet_large.onnx,vnnlib/CIFAR100_resnet_large_prop_idx_8332_sidx_4482_eps_0.0039.vnnlib,100
onnx/CIFAR100_resnet_large.onnx,vnnlib/CIFAR100_resnet_large_prop_idx_2302_sidx_3657_eps_0.0039.vnnlib,100
onnx/CIFAR100_resnet_large.onnx,vnnlib/CIFAR100_resnet_large_prop_idx_7104_sidx_9469_eps_0.0039.vnnlib,100
onnx/CIFAR100_resnet_large.onnx,vnnlib/CIFAR100_resnet_large_prop_idx_2783_sidx_8903_eps_0.0039.vnnlib,100
onnx/CIFAR100_resnet_large.onnx,vnnlib/CIFAR100_resnet_large_prop_idx_6491_sidx_3620_eps_0.0039.vnnlib,100
onnx/CIFAR100_resnet_large.onnx,vnnlib/CIFAR100_resnet_large_prop_idx_5162_sidx_8126_eps_0.0039.vnnlib,100
onnx/CIFAR100_resnet_large.onnx,vnnlib/CIFAR100_resnet_large_prop_idx_8502_sidx_2893_eps_0.0039.vnnlib,100
onnx/CIFAR100_resnet_large.onnx,vnnlib/CIFAR100_resnet_large_prop_idx_3143_sidx_9413_eps_0.0039.vnnlib,100
onnx/CIFAR100_resnet_large.onnx,vnnlib/CIFAR100_resnet_large_prop_idx_656_sidx_2209_eps_0.0039.vnnlib,100
onnx/CIFAR100_resnet_large.onnx,vnnlib/CIFAR100_resnet_large_prop_idx_4322_sidx_9995_eps_0.0039.vnnlib,100
onnx/CIFAR100_resnet_large.onnx,vnnlib/CIFAR100_resnet_large_prop_idx_5804_sidx_1885_eps_0.0039.vnnlib,100
onnx/CIFAR100_resnet_large.onnx,vnnlib/CIFAR100_resnet_large_prop_idx_2630_sidx_1753_eps_0.0039.vnnlib,100
onnx/CIFAR100_resnet_large.onnx,vnnlib/CIFAR100_resnet_large_prop_idx_2461_sidx_2912_eps_0.0039.vnnlib,100
onnx/CIFAR100_resnet_large.onnx,vnnlib/CIFAR100_resnet_large_prop_idx_4486_sidx_8828_eps_0.0039.vnnlib,100
onnx/CIFAR100_resnet_large.onnx,vnnlib/CIFAR100_resnet_large_prop_idx_5810_sidx_7106_eps_0.0039.vnnlib,100
onnx/CIFAR100_resnet_large.onnx,vnnlib/CIFAR100_resnet_large_prop_idx_6343_sidx_1886_eps_0.0039.vnnlib,100
onnx/CIFAR100_resnet_large.onnx,vnnlib/CIFAR100_resnet_large_prop_idx_9640_sidx_7273_eps_0.0039.vnnlib,100
onnx/CIFAR100_resnet_large.onnx,vnnlib/CIFAR100_resnet_large_prop_idx_5522_sidx_5863_eps_0.0039.vnnlib,100
onnx/CIFAR100_resnet_large.onnx,vnnlib/CIFAR100_resnet_large_prop_idx_9460_sidx_4347_eps_0.0039.vnnlib,100
onnx/CIFAR100_resnet_large.onnx,vnnlib/CIFAR100_resnet_large_prop_idx_8865_sidx_700_eps_0.0039.vnnlib,100
onnx/CIFAR100_resnet_large.onnx,vnnlib/CIFAR100_resnet_large_prop_idx_8395_sidx_8915_eps_0.0039.vnnlib,100
onnx/CIFAR100_resnet_large.onnx,vnnlib/CIFAR100_resnet_large_prop_idx_9883_sidx_7162_eps_0.0039.vnnlib,100
onnx/CIFAR100_resnet_large.onnx,vnnlib/CIFAR100_resnet_large_prop_idx_3573_sidx_2903_eps_0.0039.vnnlib,100
onnx/CIFAR100_resnet_large.onnx,vnnlib/CIFAR100_resnet_large_prop_idx_6418_sidx_7923_eps_0.0039.vnnlib,100
onnx/CIFAR100_resnet_large.onnx,vnnlib/CIFAR100_resnet_large_prop_idx_2668_sidx_2652_eps_0.0039.vnnlib,100
onnx/CIFAR100_resnet_large.onnx,vnnlib/CIFAR100_resnet_large_prop_idx_1216_sidx_6431_eps_0.0039.vnnlib,100
onnx/CIFAR100_resnet_large.onnx,vnnlib/CIFAR100_resnet_large_prop_idx_6583_sidx_8860_eps_0.0039.vnnlib,100
onnx/CIFAR100_resnet_large.onnx,vnnlib/CIFAR100_resnet_large_prop_idx_5546_sidx_4338_eps_0.0039.vnnlib,100
onnx/CIFAR100_resnet_large.onnx,vnnlib/CIFAR100_resnet_large_prop_idx_9845_sidx_200_eps_0.0039.vnnlib,100
onnx/CIFAR100_resnet_large.onnx,vnnlib/CIFAR100_resnet_large_prop_idx_8012_sidx_5910_eps_0.0039.vnnlib,100
onnx/CIFAR100_resnet_large.onnx,vnnlib/CIFAR100_resnet_large_prop_idx_7884_sidx_6926_eps_0.0039.vnnlib,100
onnx/CIFAR100_resnet_large.onnx,vnnlib/CIFAR100_resnet_large_prop_idx_8381_sidx_4474_eps_0.0039.vnnlib,100
onnx/CIFAR100_resnet_large.onnx,vnnlib/CIFAR100_resnet_large_prop_idx_483_sidx_7371_eps_0.0039.vnnlib,100
onnx/CIFAR100_resnet_large.onnx,vnnlib/CIFAR100_resnet_large_prop_idx_7640_sidx_9025_eps_0.0039.vnnlib,100
onnx/CIFAR100_resnet_large.onnx,vnnlib/CIFAR100_resnet_large_prop_idx_5230_sidx_242_eps_0.0039.vnnlib,100
onnx/CIFAR100_resnet_large.onnx,vnnlib/CIFAR100_resnet_large_prop_idx_9476_sidx_5602_eps_0.0039.vnnlib,100
onnx/CIFAR100_resnet_large.onnx,vnnlib/CIFAR100_resnet_large_prop_idx_7866_sidx_7980_eps_0.0039.vnnlib,100
onnx/CIFAR100_resnet_large.onnx,vnnlib/CIFAR100_resnet_large_prop_idx_7436_sidx_5742_eps_0.0039.vnnlib,100
onnx/CIFAR100_resnet_large.onnx,vnnlib/CIFAR100_resnet_large_prop_idx_2624_sidx_917_eps_0.0039.vnnlib,100
onnx/CIFAR100_resnet_large.onnx,vnnlib/CIFAR100_resnet_large_prop_idx_1241_sidx_5679_eps_0.0039.vnnlib,100
onnx/CIFAR100_resnet_large.onnx,vnnlib/CIFAR100_resnet_large_prop_idx_3812_sidx_8477_eps_0.0039.vnnlib,100
onnx/CIFAR100_resnet_large.onnx,vnnlib/CIFAR100_resnet_large_prop_idx_9372_sidx_3515_eps_0.0039.vnnlib,100
onnx/CIFAR100_resnet_large.onnx,vnnlib/CIFAR100_resnet_large_prop_idx_1590_sidx_2858_eps_0.0039.vnnlib,100
onnx/CIFAR100_resnet_large.onnx,vnnlib/CIFAR100_resnet_large_prop_idx_6337_sidx_2381_eps_0.0039.vnnlib,100
onnx/CIFAR100_resnet_large.onnx,vnnlib/CIFAR100_resnet_large_prop_idx_6757_sidx_2400_eps_0.0039.vnnlib,100
