onnx/medical/perturbations_0.onnx,vnnlib/medical/hyperrectangle_418.vnnlib,20
onnx/ruarobot/perturbations_0.onnx,vnnlib/ruarobot/hyperrectangle_992.vnnlib,20
onnx/ruarobot/perturbations_0.onnx,vnnlib/ruarobot/hyperrectangle_132.vnnlib,20
onnx/ruarobot/perturbations_0.onnx,vnnlib/ruarobot/hyperrectangle_2674.vnnlib,20
onnx/medical/perturbations_0.onnx,vnnlib/medical/hyperrectangle_2839.vnnlib,20
onnx/ruarobot/perturbations_0.onnx,vnnlib/ruarobot/hyperrectangle_6891.vnnlib,20
onnx/ruarobot/perturbations_0.onnx,vnnlib/ruarobot/hyperrectangle_1921.vnnlib,20
onnx/ruarobot/perturbations_0.onnx,vnnlib/ruarobot/hyperrectangle_3558.vnnlib,20
onnx/medical/perturbations_0.onnx,vnnlib/medical/hyperrectangle_2884.vnnlib,20
onnx/ruarobot/perturbations_0.onnx,vnnlib/ruarobot/hyperrectangle_6394.vnnlib,20
onnx/medical/perturbations_0.onnx,vnnlib/medical/hyperrectangle_2330.vnnlib,20
onnx/medical/perturbations_0.onnx,vnnlib/medical/hyperrectangle_2626.vnnlib,20
onnx/ruarobot/perturbations_0.onnx,vnnlib/ruarobot/hyperrectangle_3536.vnnlib,20
onnx/ruarobot/perturbations_0.onnx,vnnlib/ruarobot/hyperrectangle_5651.vnnlib,20
onnx/ruarobot/perturbations_0.onnx,vnnlib/ruarobot/hyperrectangle_4032.vnnlib,20
onnx/ruarobot/perturbations_0.onnx,vnnlib/ruarobot/hyperrectangle_6209.vnnlib,20
onnx/medical/perturbations_0.onnx,vnnlib/medical/hyperrectangle_1590.vnnlib,20
onnx/ruarobot/perturbations_0.onnx,vnnlib/ruarobot/hyperrectangle_2411.vnnlib,20
onnx/medical/perturbations_0.onnx,vnnlib/medical/hyperrectangle_83.vnnlib,20
onnx/ruarobot/perturbations_0.onnx,vnnlib/ruarobot/hyperrectangle_706.vnnlib,20
onnx/ruarobot/perturbations_0.onnx,vnnlib/ruarobot/hyperrectangle_2809.vnnlib,20
onnx/ruarobot/perturbations_0.onnx,vnnlib/ruarobot/hyperrectangle_1889.vnnlib,20
onnx/medical/perturbations_0.onnx,vnnlib/medical/hyperrectangle_1255.vnnlib,20
onnx/ruarobot/perturbations_0.onnx,vnnlib/ruarobot/hyperrectangle_486.vnnlib,20
onnx/ruarobot/perturbations_0.onnx,vnnlib/ruarobot/hyperrectangle_6440.vnnlib,20
onnx/medical/perturbations_0.onnx,vnnlib/medical/hyperrectangle_162.vnnlib,20
onnx/medical/perturbations_0.onnx,vnnlib/medical/hyperrectangle_1899.vnnlib,20
onnx/medical/perturbations_0.onnx,vnnlib/medical/hyperrectangle_2660.vnnlib,20
onnx/medical/perturbations_0.onnx,vnnlib/medical/hyperrectangle_2421.vnnlib,20
onnx/ruarobot/perturbations_0.onnx,vnnlib/ruarobot/hyperrectangle_883.vnnlib,20
onnx/ruarobot/perturbations_0.onnx,vnnlib/ruarobot/hyperrectangle_1268.vnnlib,20
onnx/ruarobot/perturbations_0.onnx,vnnlib/ruarobot/hyperrectangle_956.vnnlib,20
onnx/ruarobot/perturbations_0.onnx,vnnlib/ruarobot/hyperrectangle_859.vnnlib,20
onnx/ruarobot/perturbations_0.onnx,vnnlib/ruarobot/hyperrectangle_3159.vnnlib,20
onnx/ruarobot/perturbations_0.onnx,vnnlib/ruarobot/hyperrectangle_6504.vnnlib,20
onnx/ruarobot/perturbations_0.onnx,vnnlib/ruarobot/hyperrectangle_6856.vnnlib,20
onnx/ruarobot/perturbations_0.onnx,vnnlib/ruarobot/hyperrectangle_1784.vnnlib,20
onnx/medical/perturbations_0.onnx,vnnlib/medical/hyperrectangle_990.vnnlib,20
onnx/ruarobot/perturbations_0.onnx,vnnlib/ruarobot/hyperrectangle_3147.vnnlib,20
onnx/ruarobot/perturbations_0.onnx,vnnlib/ruarobot/hyperrectangle_3493.vnnlib,20
onnx/ruarobot/perturbations_0.onnx,vnnlib/ruarobot/hyperrectangle_2470.vnnlib,20
onnx/ruarobot/perturbations_0.onnx,vnnlib/ruarobot/hyperrectangle_522.vnnlib,20
onnx/ruarobot/perturbations_0.onnx,vnnlib/ruarobot/hyperrectangle_2267.vnnlib,20
onnx/ruarobot/perturbations_0.onnx,vnnlib/ruarobot/hyperrectangle_3997.vnnlib,20
onnx/ruarobot/perturbations_0.onnx,vnnlib/ruarobot/hyperrectangle_1181.vnnlib,20
onnx/ruarobot/perturbations_0.onnx,vnnlib/ruarobot/hyperrectangle_7614.vnnlib,20
onnx/ruarobot/perturbations_0.onnx,vnnlib/ruarobot/hyperrectangle_5876.vnnlib,20
onnx/medical/perturbations_0.onnx,vnnlib/medical/hyperrectangle_2375.vnnlib,20
onnx/ruarobot/perturbations_0.onnx,vnnlib/ruarobot/hyperrectangle_6566.vnnlib,20
onnx/ruarobot/perturbations_0.onnx,vnnlib/ruarobot/hyperrectangle_6800.vnnlib,20
onnx/ruarobot/perturbations_0.onnx,vnnlib/ruarobot/hyperrectangle_4389.vnnlib,20
onnx/ruarobot/perturbations_0.onnx,vnnlib/ruarobot/hyperrectangle_7014.vnnlib,20
onnx/medical/perturbations_0.onnx,vnnlib/medical/hyperrectangle_2848.vnnlib,20
onnx/ruarobot/perturbations_0.onnx,vnnlib/ruarobot/hyperrectangle_7916.vnnlib,20
onnx/ruarobot/perturbations_0.onnx,vnnlib/ruarobot/hyperrectangle_4147.vnnlib,20
onnx/medical/perturbations_0.onnx,vnnlib/medical/hyperrectangle_1953.vnnlib,20
onnx/ruarobot/perturbations_0.onnx,vnnlib/ruarobot/hyperrectangle_3918.vnnlib,20
onnx/ruarobot/perturbations_0.onnx,vnnlib/ruarobot/hyperrectangle_6974.vnnlib,20
onnx/medical/perturbations_0.onnx,vnnlib/medical/hyperrectangle_1874.vnnlib,20
onnx/ruarobot/perturbations_0.onnx,vnnlib/ruarobot/hyperrectangle_2067.vnnlib,20
onnx/medical/perturbations_0.onnx,vnnlib/medical/hyperrectangle_256.vnnlib,20
onnx/ruarobot/perturbations_0.onnx,vnnlib/ruarobot/hyperrectangle_2417.vnnlib,20
onnx/ruarobot/perturbations_0.onnx,vnnlib/ruarobot/hyperrectangle_4903.vnnlib,20
onnx/medical/perturbations_0.onnx,vnnlib/medical/hyperrectangle_2395.vnnlib,20
onnx/ruarobot/perturbations_0.onnx,vnnlib/ruarobot/hyperrectangle_6725.vnnlib,20
onnx/ruarobot/perturbations_0.onnx,vnnlib/ruarobot/hyperrectangle_2997.vnnlib,20
onnx/ruarobot/perturbations_0.onnx,vnnlib/ruarobot/hyperrectangle_2410.vnnlib,20
onnx/ruarobot/perturbations_0.onnx,vnnlib/ruarobot/hyperrectangle_7217.vnnlib,20
onnx/ruarobot/perturbations_0.onnx,vnnlib/ruarobot/hyperrectangle_7864.vnnlib,20
onnx/ruarobot/perturbations_0.onnx,vnnlib/ruarobot/hyperrectangle_4364.vnnlib,20
onnx/ruarobot/perturbations_0.onnx,vnnlib/ruarobot/hyperrectangle_5932.vnnlib,20
onnx/ruarobot/perturbations_0.onnx,vnnlib/ruarobot/hyperrectangle_4227.vnnlib,20
onnx/ruarobot/perturbations_0.onnx,vnnlib/ruarobot/hyperrectangle_653.vnnlib,20
onnx/ruarobot/perturbations_0.onnx,vnnlib/ruarobot/hyperrectangle_1343.vnnlib,20
onnx/medical/perturbations_0.onnx,vnnlib/medical/hyperrectangle_1324.vnnlib,20
onnx/medical/perturbations_0.onnx,vnnlib/medical/hyperrectangle_2672.vnnlib,20
onnx/ruarobot/perturbations_0.onnx,vnnlib/ruarobot/hyperrectangle_6615.vnnlib,20
onnx/ruarobot/perturbations_0.onnx,vnnlib/ruarobot/hyperrectangle_4609.vnnlib,20
onnx/ruarobot/perturbations_0.onnx,vnnlib/ruarobot/hyperrectangle_1723.vnnlib,20
onnx/ruarobot/perturbations_0.onnx,vnnlib/ruarobot/hyperrectangle_554.vnnlib,20
onnx/medical/perturbations_0.onnx,vnnlib/medical/hyperrectangle_1835.vnnlib,20
onnx/ruarobot/perturbations_0.onnx,vnnlib/ruarobot/hyperrectangle_6609.vnnlib,20
onnx/medical/perturbations_0.onnx,vnnlib/medical/hyperrectangle_826.vnnlib,20
onnx/ruarobot/perturbations_0.onnx,vnnlib/ruarobot/hyperrectangle_5442.vnnlib,20
onnx/ruarobot/perturbations_0.onnx,vnnlib/ruarobot/hyperrectangle_1804.vnnlib,20
onnx/ruarobot/perturbations_0.onnx,vnnlib/ruarobot/hyperrectangle_7302.vnnlib,20
onnx/ruarobot/perturbations_0.onnx,vnnlib/ruarobot/hyperrectangle_7248.vnnlib,20
onnx/medical/perturbations_0.onnx,vnnlib/medical/hyperrectangle_1430.vnnlib,20
onnx/ruarobot/perturbations_0.onnx,vnnlib/ruarobot/hyperrectangle_1078.vnnlib,20
onnx/ruarobot/perturbations_0.onnx,vnnlib/ruarobot/hyperrectangle_2079.vnnlib,20
onnx/ruarobot/perturbations_0.onnx,vnnlib/ruarobot/hyperrectangle_530.vnnlib,20
onnx/ruarobot/perturbations_0.onnx,vnnlib/ruarobot/hyperrectangle_2494.vnnlib,20
onnx/ruarobot/perturbations_0.onnx,vnnlib/ruarobot/hyperrectangle_7817.vnnlib,20
onnx/medical/perturbations_0.onnx,vnnlib/medical/hyperrectangle_1228.vnnlib,20
onnx/medical/perturbations_0.onnx,vnnlib/medical/hyperrectangle_141.vnnlib,20
onnx/medical/perturbations_0.onnx,vnnlib/medical/hyperrectangle_2343.vnnlib,20
onnx/ruarobot/perturbations_0.onnx,vnnlib/ruarobot/hyperrectangle_5503.vnnlib,20
onnx/ruarobot/perturbations_0.onnx,vnnlib/ruarobot/hyperrectangle_1398.vnnlib,20
onnx/medical/perturbations_0.onnx,vnnlib/medical/hyperrectangle_2281.vnnlib,20
onnx/medical/perturbations_0.onnx,vnnlib/medical/hyperrectangle_1001.vnnlib,20
onnx/medical/perturbations_0.onnx,vnnlib/medical/hyperrectangle_895.vnnlib,20
onnx/medical/perturbations_0.onnx,vnnlib/medical/hyperrectangle_1062.vnnlib,20
onnx/medical/perturbations_0.onnx,vnnlib/medical/hyperrectangle_2188.vnnlib,20
onnx/ruarobot/perturbations_0.onnx,vnnlib/ruarobot/hyperrectangle_1353.vnnlib,20
onnx/medical/perturbations_0.onnx,vnnlib/medical/hyperrectangle_2389.vnnlib,20
onnx/ruarobot/perturbations_0.onnx,vnnlib/ruarobot/hyperrectangle_1883.vnnlib,20
onnx/medical/perturbations_0.onnx,vnnlib/medical/hyperrectangle_1875.vnnlib,20
onnx/ruarobot/perturbations_0.onnx,vnnlib/ruarobot/hyperrectangle_1607.vnnlib,20
onnx/ruarobot/perturbations_0.onnx,vnnlib/ruarobot/hyperrectangle_3809.vnnlib,20
onnx/ruarobot/perturbations_0.onnx,vnnlib/ruarobot/hyperrectangle_6317.vnnlib,20
onnx/ruarobot/perturbations_0.onnx,vnnlib/ruarobot/hyperrectangle_7301.vnnlib,20
onnx/ruarobot/perturbations_0.onnx,vnnlib/ruarobot/hyperrectangle_7903.vnnlib,20
onnx/medical/perturbations_0.onnx,vnnlib/medical/hyperrectangle_1056.vnnlib,20
onnx/ruarobot/perturbations_0.onnx,vnnlib/ruarobot/hyperrectangle_2715.vnnlib,20
onnx/ruarobot/perturbations_0.onnx,vnnlib/ruarobot/hyperrectangle_5529.vnnlib,20
onnx/ruarobot/perturbations_0.onnx,vnnlib/ruarobot/hyperrectangle_5659.vnnlib,20
onnx/medical/perturbations_0.onnx,vnnlib/medical/hyperrectangle_1615.vnnlib,20
onnx/medical/perturbations_0.onnx,vnnlib/medical/hyperrectangle_1333.vnnlib,20
onnx/medical/perturbations_0.onnx,vnnlib/medical/hyperrectangle_2761.vnnlib,20
onnx/medical/perturbations_0.onnx,vnnlib/medical/hyperrectangle_2116.vnnlib,20
onnx/ruarobot/perturbations_0.onnx,vnnlib/ruarobot/hyperrectangle_6558.vnnlib,20
onnx/ruarobot/perturbations_0.onnx,vnnlib/ruarobot/hyperrectangle_7069.vnnlib,20
onnx/ruarobot/perturbations_0.onnx,vnnlib/ruarobot/hyperrectangle_2893.vnnlib,20
onnx/ruarobot/perturbations_0.onnx,vnnlib/ruarobot/hyperrectangle_7704.vnnlib,20
onnx/ruarobot/perturbations_0.onnx,vnnlib/ruarobot/hyperrectangle_5109.vnnlib,20
onnx/ruarobot/perturbations_0.onnx,vnnlib/ruarobot/hyperrectangle_1099.vnnlib,20
onnx/medical/perturbations_0.onnx,vnnlib/medical/hyperrectangle_797.vnnlib,20
onnx/ruarobot/perturbations_0.onnx,vnnlib/ruarobot/hyperrectangle_4701.vnnlib,20
onnx/ruarobot/perturbations_0.onnx,vnnlib/ruarobot/hyperrectangle_7070.vnnlib,20
onnx/ruarobot/perturbations_0.onnx,vnnlib/ruarobot/hyperrectangle_3290.vnnlib,20
onnx/medical/perturbations_0.onnx,vnnlib/medical/hyperrectangle_2431.vnnlib,20
onnx/ruarobot/perturbations_0.onnx,vnnlib/ruarobot/hyperrectangle_6213.vnnlib,20
onnx/ruarobot/perturbations_0.onnx,vnnlib/ruarobot/hyperrectangle_5257.vnnlib,20
onnx/ruarobot/perturbations_0.onnx,vnnlib/ruarobot/hyperrectangle_5612.vnnlib,20
onnx/medical/perturbations_0.onnx,vnnlib/medical/hyperrectangle_2812.vnnlib,20
onnx/ruarobot/perturbations_0.onnx,vnnlib/ruarobot/hyperrectangle_5207.vnnlib,20
onnx/ruarobot/perturbations_0.onnx,vnnlib/ruarobot/hyperrectangle_6184.vnnlib,20
onnx/ruarobot/perturbations_0.onnx,vnnlib/ruarobot/hyperrectangle_614.vnnlib,20
onnx/medical/perturbations_0.onnx,vnnlib/medical/hyperrectangle_2674.vnnlib,20
onnx/medical/perturbations_0.onnx,vnnlib/medical/hyperrectangle_2083.vnnlib,20
onnx/ruarobot/perturbations_0.onnx,vnnlib/ruarobot/hyperrectangle_2082.vnnlib,20
onnx/medical/perturbations_0.onnx,vnnlib/medical/hyperrectangle_2648.vnnlib,20
onnx/ruarobot/perturbations_0.onnx,vnnlib/ruarobot/hyperrectangle_4088.vnnlib,20
onnx/ruarobot/perturbations_0.onnx,vnnlib/ruarobot/hyperrectangle_2404.vnnlib,20
onnx/medical/perturbations_0.onnx,vnnlib/medical/hyperrectangle_1063.vnnlib,20
onnx/ruarobot/perturbations_0.onnx,vnnlib/ruarobot/hyperrectangle_4921.vnnlib,20
onnx/medical/perturbations_0.onnx,vnnlib/medical/hyperrectangle_377.vnnlib,20
onnx/ruarobot/perturbations_0.onnx,vnnlib/ruarobot/hyperrectangle_3093.vnnlib,20
onnx/ruarobot/perturbations_0.onnx,vnnlib/ruarobot/hyperrectangle_3130.vnnlib,20
onnx/ruarobot/perturbations_0.onnx,vnnlib/ruarobot/hyperrectangle_41.vnnlib,20
onnx/medical/perturbations_0.onnx,vnnlib/medical/hyperrectangle_1322.vnnlib,20
onnx/ruarobot/perturbations_0.onnx,vnnlib/ruarobot/hyperrectangle_4795.vnnlib,20
onnx/ruarobot/perturbations_0.onnx,vnnlib/ruarobot/hyperrectangle_4785.vnnlib,20
onnx/ruarobot/perturbations_0.onnx,vnnlib/ruarobot/hyperrectangle_80.vnnlib,20
onnx/medical/perturbations_0.onnx,vnnlib/medical/hyperrectangle_745.vnnlib,20
onnx/ruarobot/perturbations_0.onnx,vnnlib/ruarobot/hyperrectangle_5112.vnnlib,20
onnx/medical/perturbations_0.onnx,vnnlib/medical/hyperrectangle_2439.vnnlib,20
onnx/medical/perturbations_0.onnx,vnnlib/medical/hyperrectangle_1131.vnnlib,20
onnx/ruarobot/perturbations_0.onnx,vnnlib/ruarobot/hyperrectangle_7587.vnnlib,20
onnx/medical/perturbations_0.onnx,vnnlib/medical/hyperrectangle_1672.vnnlib,20
onnx/ruarobot/perturbations_0.onnx,vnnlib/ruarobot/hyperrectangle_3055.vnnlib,20
onnx/ruarobot/perturbations_0.onnx,vnnlib/ruarobot/hyperrectangle_1098.vnnlib,20
onnx/ruarobot/perturbations_0.onnx,vnnlib/ruarobot/hyperrectangle_3862.vnnlib,20
onnx/ruarobot/perturbations_0.onnx,vnnlib/ruarobot/hyperrectangle_4937.vnnlib,20
onnx/ruarobot/perturbations_0.onnx,vnnlib/ruarobot/hyperrectangle_3084.vnnlib,20
onnx/medical/perturbations_0.onnx,vnnlib/medical/hyperrectangle_1919.vnnlib,20
onnx/ruarobot/perturbations_0.onnx,vnnlib/ruarobot/hyperrectangle_1955.vnnlib,20
onnx/ruarobot/perturbations_0.onnx,vnnlib/ruarobot/hyperrectangle_2030.vnnlib,20
onnx/ruarobot/perturbations_0.onnx,vnnlib/ruarobot/hyperrectangle_5946.vnnlib,20
onnx/ruarobot/perturbations_0.onnx,vnnlib/ruarobot/hyperrectangle_5028.vnnlib,20
onnx/ruarobot/perturbations_0.onnx,vnnlib/ruarobot/hyperrectangle_1458.vnnlib,20
onnx/medical/perturbations_0.onnx,vnnlib/medical/hyperrectangle_2526.vnnlib,20
onnx/ruarobot/perturbations_0.onnx,vnnlib/ruarobot/hyperrectangle_2024.vnnlib,20
onnx/medical/perturbations_0.onnx,vnnlib/medical/hyperrectangle_1316.vnnlib,20
onnx/medical/perturbations_0.onnx,vnnlib/medical/hyperrectangle_2259.vnnlib,20
onnx/ruarobot/perturbations_0.onnx,vnnlib/ruarobot/hyperrectangle_11.vnnlib,20
onnx/medical/perturbations_0.onnx,vnnlib/medical/hyperrectangle_1692.vnnlib,20
onnx/medical/perturbations_0.onnx,vnnlib/medical/hyperrectangle_1348.vnnlib,20
onnx/ruarobot/perturbations_0.onnx,vnnlib/ruarobot/hyperrectangle_192.vnnlib,20
onnx/medical/perturbations_0.onnx,vnnlib/medical/hyperrectangle_291.vnnlib,20
onnx/ruarobot/perturbations_0.onnx,vnnlib/ruarobot/hyperrectangle_3203.vnnlib,20
onnx/ruarobot/perturbations_0.onnx,vnnlib/ruarobot/hyperrectangle_2953.vnnlib,20
onnx/medical/perturbations_0.onnx,vnnlib/medical/hyperrectangle_263.vnnlib,20
onnx/ruarobot/perturbations_0.onnx,vnnlib/ruarobot/hyperrectangle_4525.vnnlib,20
onnx/ruarobot/perturbations_0.onnx,vnnlib/ruarobot/hyperrectangle_3328.vnnlib,20
onnx/medical/perturbations_0.onnx,vnnlib/medical/hyperrectangle_687.vnnlib,20
onnx/medical/perturbations_0.onnx,vnnlib/medical/hyperrectangle_883.vnnlib,20
onnx/ruarobot/perturbations_0.onnx,vnnlib/ruarobot/hyperrectangle_499.vnnlib,20
onnx/medical/perturbations_0.onnx,vnnlib/medical/hyperrectangle_10.vnnlib,20
onnx/ruarobot/perturbations_0.onnx,vnnlib/ruarobot/hyperrectangle_1234.vnnlib,20
onnx/medical/perturbations_0.onnx,vnnlib/medical/hyperrectangle_2807.vnnlib,20
onnx/medical/perturbations_0.onnx,vnnlib/medical/hyperrectangle_2533.vnnlib,20
onnx/ruarobot/perturbations_0.onnx,vnnlib/ruarobot/hyperrectangle_7420.vnnlib,20
onnx/ruarobot/perturbations_0.onnx,vnnlib/ruarobot/hyperrectangle_588.vnnlib,20
onnx/medical/perturbations_0.onnx,vnnlib/medical/hyperrectangle_865.vnnlib,20
onnx/ruarobot/perturbations_0.onnx,vnnlib/ruarobot/hyperrectangle_6973.vnnlib,20
onnx/ruarobot/perturbations_0.onnx,vnnlib/ruarobot/hyperrectangle_4484.vnnlib,20
onnx/ruarobot/perturbations_0.onnx,vnnlib/ruarobot/hyperrectangle_7924.vnnlib,20
onnx/medical/perturbations_0.onnx,vnnlib/medical/hyperrectangle_1487.vnnlib,20
onnx/medical/perturbations_0.onnx,vnnlib/medical/hyperrectangle_637.vnnlib,20
onnx/ruarobot/perturbations_0.onnx,vnnlib/ruarobot/hyperrectangle_428.vnnlib,20
onnx/ruarobot/perturbations_0.onnx,vnnlib/ruarobot/hyperrectangle_6358.vnnlib,20
onnx/ruarobot/perturbations_0.onnx,vnnlib/ruarobot/hyperrectangle_7834.vnnlib,20
onnx/ruarobot/perturbations_0.onnx,vnnlib/ruarobot/hyperrectangle_149.vnnlib,20
onnx/ruarobot/perturbations_0.onnx,vnnlib/ruarobot/hyperrectangle_1537.vnnlib,20
onnx/medical/perturbations_0.onnx,vnnlib/medical/hyperrectangle_2234.vnnlib,20
onnx/ruarobot/perturbations_0.onnx,vnnlib/ruarobot/hyperrectangle_2589.vnnlib,20
onnx/ruarobot/perturbations_0.onnx,vnnlib/ruarobot/hyperrectangle_3775.vnnlib,20
onnx/ruarobot/perturbations_0.onnx,vnnlib/ruarobot/hyperrectangle_7740.vnnlib,20
onnx/ruarobot/perturbations_0.onnx,vnnlib/ruarobot/hyperrectangle_7312.vnnlib,20
onnx/ruarobot/perturbations_0.onnx,vnnlib/ruarobot/hyperrectangle_3410.vnnlib,20
onnx/ruarobot/perturbations_0.onnx,vnnlib/ruarobot/hyperrectangle_4120.vnnlib,20
onnx/ruarobot/perturbations_0.onnx,vnnlib/ruarobot/hyperrectangle_1252.vnnlib,20
onnx/ruarobot/perturbations_0.onnx,vnnlib/ruarobot/hyperrectangle_3065.vnnlib,20
onnx/ruarobot/perturbations_0.onnx,vnnlib/ruarobot/hyperrectangle_5968.vnnlib,20
onnx/ruarobot/perturbations_0.onnx,vnnlib/ruarobot/hyperrectangle_1622.vnnlib,20
onnx/medical/perturbations_0.onnx,vnnlib/medical/hyperrectangle_1433.vnnlib,20
onnx/ruarobot/perturbations_0.onnx,vnnlib/ruarobot/hyperrectangle_4118.vnnlib,20
onnx/medical/perturbations_0.onnx,vnnlib/medical/hyperrectangle_2638.vnnlib,20
onnx/ruarobot/perturbations_0.onnx,vnnlib/ruarobot/hyperrectangle_195.vnnlib,20
onnx/ruarobot/perturbations_0.onnx,vnnlib/ruarobot/hyperrectangle_2849.vnnlib,20
onnx/ruarobot/perturbations_0.onnx,vnnlib/ruarobot/hyperrectangle_2256.vnnlib,20
onnx/ruarobot/perturbations_0.onnx,vnnlib/ruarobot/hyperrectangle_7270.vnnlib,20
onnx/medical/perturbations_0.onnx,vnnlib/medical/hyperrectangle_1114.vnnlib,20
onnx/medical/perturbations_0.onnx,vnnlib/medical/hyperrectangle_1458.vnnlib,20
onnx/ruarobot/perturbations_0.onnx,vnnlib/ruarobot/hyperrectangle_5991.vnnlib,20
onnx/ruarobot/perturbations_0.onnx,vnnlib/ruarobot/hyperrectangle_5481.vnnlib,20
onnx/medical/perturbations_0.onnx,vnnlib/medical/hyperrectangle_135.vnnlib,20
onnx/ruarobot/perturbations_0.onnx,vnnlib/ruarobot/hyperrectangle_7843.vnnlib,20
onnx/medical/perturbations_0.onnx,vnnlib/medical/hyperrectangle_188.vnnlib,20
onnx/ruarobot/perturbations_0.onnx,vnnlib/ruarobot/hyperrectangle_1817.vnnlib,20
onnx/ruarobot/perturbations_0.onnx,vnnlib/ruarobot/hyperrectangle_5757.vnnlib,20
onnx/ruarobot/perturbations_0.onnx,vnnlib/ruarobot/hyperrectangle_3156.vnnlib,20
onnx/ruarobot/perturbations_0.onnx,vnnlib/ruarobot/hyperrectangle_1844.vnnlib,20
onnx/ruarobot/perturbations_0.onnx,vnnlib/ruarobot/hyperrectangle_6017.vnnlib,20
onnx/ruarobot/perturbations_0.onnx,vnnlib/ruarobot/hyperrectangle_7354.vnnlib,20
onnx/ruarobot/perturbations_0.onnx,vnnlib/ruarobot/hyperrectangle_4898.vnnlib,20
onnx/medical/perturbations_0.onnx,vnnlib/medical/hyperrectangle_914.vnnlib,20
onnx/ruarobot/perturbations_0.onnx,vnnlib/ruarobot/hyperrectangle_5020.vnnlib,20
onnx/medical/perturbations_0.onnx,vnnlib/medical/hyperrectangle_2595.vnnlib,20
onnx/ruarobot/perturbations_0.onnx,vnnlib/ruarobot/hyperrectangle_3544.vnnlib,20
onnx/medical/perturbations_0.onnx,vnnlib/medical/hyperrectangle_831.vnnlib,20
onnx/ruarobot/perturbations_0.onnx,vnnlib/ruarobot/hyperrectangle_47.vnnlib,20
onnx/ruarobot/perturbations_0.onnx,vnnlib/ruarobot/hyperrectangle_6369.vnnlib,20
onnx/medical/perturbations_0.onnx,vnnlib/medical/hyperrectangle_1092.vnnlib,20
onnx/medical/perturbations_0.onnx,vnnlib/medical/hyperrectangle_1463.vnnlib,20
onnx/ruarobot/perturbations_0.onnx,vnnlib/ruarobot/hyperrectangle_7485.vnnlib,20
onnx/ruarobot/perturbations_0.onnx,vnnlib/ruarobot/hyperrectangle_2625.vnnlib,20
onnx/ruarobot/perturbations_0.onnx,vnnlib/ruarobot/hyperrectangle_2381.vnnlib,20
onnx/ruarobot/perturbations_0.onnx,vnnlib/ruarobot/hyperrectangle_4338.vnnlib,20
onnx/ruarobot/perturbations_0.onnx,vnnlib/ruarobot/hyperrectangle_44.vnnlib,20
onnx/ruarobot/perturbations_0.onnx,vnnlib/ruarobot/hyperrectangle_1203.vnnlib,20
onnx/ruarobot/perturbations_0.onnx,vnnlib/ruarobot/hyperrectangle_4700.vnnlib,20
onnx/medical/perturbations_0.onnx,vnnlib/medical/hyperrectangle_413.vnnlib,20
onnx/ruarobot/perturbations_0.onnx,vnnlib/ruarobot/hyperrectangle_1264.vnnlib,20
onnx/ruarobot/perturbations_0.onnx,vnnlib/ruarobot/hyperrectangle_2879.vnnlib,20
onnx/medical/perturbations_0.onnx,vnnlib/medical/hyperrectangle_683.vnnlib,20
onnx/medical/perturbations_0.onnx,vnnlib/medical/hyperrectangle_1973.vnnlib,20
onnx/ruarobot/perturbations_0.onnx,vnnlib/ruarobot/hyperrectangle_3695.vnnlib,20
onnx/ruarobot/perturbations_0.onnx,vnnlib/ruarobot/hyperrectangle_3460.vnnlib,20
onnx/ruarobot/perturbations_0.onnx,vnnlib/ruarobot/hyperrectangle_704.vnnlib,20
onnx/ruarobot/perturbations_0.onnx,vnnlib/ruarobot/hyperrectangle_6116.vnnlib,20
onnx/ruarobot/perturbations_0.onnx,vnnlib/ruarobot/hyperrectangle_4766.vnnlib,20
onnx/ruarobot/perturbations_0.onnx,vnnlib/ruarobot/hyperrectangle_338.vnnlib,20
onnx/ruarobot/perturbations_0.onnx,vnnlib/ruarobot/hyperrectangle_5634.vnnlib,20
onnx/ruarobot/perturbations_0.onnx,vnnlib/ruarobot/hyperrectangle_5275.vnnlib,20
onnx/medical/perturbations_0.onnx,vnnlib/medical/hyperrectangle_2465.vnnlib,20
onnx/ruarobot/perturbations_0.onnx,vnnlib/ruarobot/hyperrectangle_5844.vnnlib,20
onnx/ruarobot/perturbations_0.onnx,vnnlib/ruarobot/hyperrectangle_2467.vnnlib,20
onnx/ruarobot/perturbations_0.onnx,vnnlib/ruarobot/hyperrectangle_1429.vnnlib,20
onnx/ruarobot/perturbations_0.onnx,vnnlib/ruarobot/hyperrectangle_2224.vnnlib,20
onnx/ruarobot/perturbations_0.onnx,vnnlib/ruarobot/hyperrectangle_3270.vnnlib,20
onnx/ruarobot/perturbations_0.onnx,vnnlib/ruarobot/hyperrectangle_5975.vnnlib,20
onnx/medical/perturbations_0.onnx,vnnlib/medical/hyperrectangle_1762.vnnlib,20
onnx/ruarobot/perturbations_0.onnx,vnnlib/ruarobot/hyperrectangle_3528.vnnlib,20
onnx/medical/perturbations_0.onnx,vnnlib/medical/hyperrectangle_1734.vnnlib,20
onnx/ruarobot/perturbations_0.onnx,vnnlib/ruarobot/hyperrectangle_2777.vnnlib,20
onnx/ruarobot/perturbations_0.onnx,vnnlib/ruarobot/hyperrectangle_7275.vnnlib,20
onnx/ruarobot/perturbations_0.onnx,vnnlib/ruarobot/hyperrectangle_5990.vnnlib,20
onnx/medical/perturbations_0.onnx,vnnlib/medical/hyperrectangle_2193.vnnlib,20
onnx/ruarobot/perturbations_0.onnx,vnnlib/ruarobot/hyperrectangle_3853.vnnlib,20
onnx/ruarobot/perturbations_0.onnx,vnnlib/ruarobot/hyperrectangle_4815.vnnlib,20
onnx/ruarobot/perturbations_0.onnx,vnnlib/ruarobot/hyperrectangle_1739.vnnlib,20
onnx/ruarobot/perturbations_0.onnx,vnnlib/ruarobot/hyperrectangle_1801.vnnlib,20
onnx/ruarobot/perturbations_0.onnx,vnnlib/ruarobot/hyperrectangle_3363.vnnlib,20
onnx/medical/perturbations_0.onnx,vnnlib/medical/hyperrectangle_1377.vnnlib,20
onnx/medical/perturbations_0.onnx,vnnlib/medical/hyperrectangle_1382.vnnlib,20
onnx/medical/perturbations_0.onnx,vnnlib/medical/hyperrectangle_2113.vnnlib,20
onnx/ruarobot/perturbations_0.onnx,vnnlib/ruarobot/hyperrectangle_2499.vnnlib,20
onnx/medical/perturbations_0.onnx,vnnlib/medical/hyperrectangle_2315.vnnlib,20
onnx/ruarobot/perturbations_0.onnx,vnnlib/ruarobot/hyperrectangle_1386.vnnlib,20
onnx/ruarobot/perturbations_0.onnx,vnnlib/ruarobot/hyperrectangle_4847.vnnlib,20
onnx/medical/perturbations_0.onnx,vnnlib/medical/hyperrectangle_846.vnnlib,20
onnx/ruarobot/perturbations_0.onnx,vnnlib/ruarobot/hyperrectangle_6841.vnnlib,20
onnx/ruarobot/perturbations_0.onnx,vnnlib/ruarobot/hyperrectangle_1498.vnnlib,20
onnx/medical/perturbations_0.onnx,vnnlib/medical/hyperrectangle_337.vnnlib,20
onnx/ruarobot/perturbations_0.onnx,vnnlib/ruarobot/hyperrectangle_2433.vnnlib,20
onnx/medical/perturbations_0.onnx,vnnlib/medical/hyperrectangle_2726.vnnlib,20
onnx/ruarobot/perturbations_0.onnx,vnnlib/ruarobot/hyperrectangle_5110.vnnlib,20
onnx/medical/perturbations_0.onnx,vnnlib/medical/hyperrectangle_703.vnnlib,20
onnx/ruarobot/perturbations_0.onnx,vnnlib/ruarobot/hyperrectangle_6100.vnnlib,20
onnx/ruarobot/perturbations_0.onnx,vnnlib/ruarobot/hyperrectangle_5221.vnnlib,20
onnx/medical/perturbations_0.onnx,vnnlib/medical/hyperrectangle_2612.vnnlib,20
onnx/ruarobot/perturbations_0.onnx,vnnlib/ruarobot/hyperrectangle_2652.vnnlib,20
onnx/medical/perturbations_0.onnx,vnnlib/medical/hyperrectangle_328.vnnlib,20
onnx/ruarobot/perturbations_0.onnx,vnnlib/ruarobot/hyperrectangle_7655.vnnlib,20
onnx/ruarobot/perturbations_0.onnx,vnnlib/ruarobot/hyperrectangle_1432.vnnlib,20
onnx/ruarobot/perturbations_0.onnx,vnnlib/ruarobot/hyperrectangle_1338.vnnlib,20
onnx/ruarobot/perturbations_0.onnx,vnnlib/ruarobot/hyperrectangle_56.vnnlib,20
onnx/ruarobot/perturbations_0.onnx,vnnlib/ruarobot/hyperrectangle_3792.vnnlib,20
onnx/ruarobot/perturbations_0.onnx,vnnlib/ruarobot/hyperrectangle_6778.vnnlib,20
onnx/medical/perturbations_0.onnx,vnnlib/medical/hyperrectangle_691.vnnlib,20
onnx/ruarobot/perturbations_0.onnx,vnnlib/ruarobot/hyperrectangle_7279.vnnlib,20
onnx/medical/perturbations_0.onnx,vnnlib/medical/hyperrectangle_359.vnnlib,20
onnx/medical/perturbations_0.onnx,vnnlib/medical/hyperrectangle_207.vnnlib,20
onnx/ruarobot/perturbations_0.onnx,vnnlib/ruarobot/hyperrectangle_1745.vnnlib,20
onnx/medical/perturbations_0.onnx,vnnlib/medical/hyperrectangle_2565.vnnlib,20
onnx/ruarobot/perturbations_0.onnx,vnnlib/ruarobot/hyperrectangle_2650.vnnlib,20
onnx/ruarobot/perturbations_0.onnx,vnnlib/ruarobot/hyperrectangle_2894.vnnlib,20
onnx/ruarobot/perturbations_0.onnx,vnnlib/ruarobot/hyperrectangle_3171.vnnlib,20
onnx/medical/perturbations_0.onnx,vnnlib/medical/hyperrectangle_2408.vnnlib,20
onnx/ruarobot/perturbations_0.onnx,vnnlib/ruarobot/hyperrectangle_391.vnnlib,20
onnx/ruarobot/perturbations_0.onnx,vnnlib/ruarobot/hyperrectangle_698.vnnlib,20
onnx/ruarobot/perturbations_0.onnx,vnnlib/ruarobot/hyperrectangle_3235.vnnlib,20
onnx/ruarobot/perturbations_0.onnx,vnnlib/ruarobot/hyperrectangle_6747.vnnlib,20
onnx/ruarobot/perturbations_0.onnx,vnnlib/ruarobot/hyperrectangle_5146.vnnlib,20
onnx/ruarobot/perturbations_0.onnx,vnnlib/ruarobot/hyperrectangle_5774.vnnlib,20
onnx/ruarobot/perturbations_0.onnx,vnnlib/ruarobot/hyperrectangle_6218.vnnlib,20
onnx/ruarobot/perturbations_0.onnx,vnnlib/ruarobot/hyperrectangle_1881.vnnlib,20
onnx/ruarobot/perturbations_0.onnx,vnnlib/ruarobot/hyperrectangle_5814.vnnlib,20
onnx/ruarobot/perturbations_0.onnx,vnnlib/ruarobot/hyperrectangle_617.vnnlib,20
onnx/ruarobot/perturbations_0.onnx,vnnlib/ruarobot/hyperrectangle_5720.vnnlib,20
onnx/ruarobot/perturbations_0.onnx,vnnlib/ruarobot/hyperrectangle_5548.vnnlib,20
onnx/medical/perturbations_0.onnx,vnnlib/medical/hyperrectangle_871.vnnlib,20
onnx/ruarobot/perturbations_0.onnx,vnnlib/ruarobot/hyperrectangle_5195.vnnlib,20
onnx/ruarobot/perturbations_0.onnx,vnnlib/ruarobot/hyperrectangle_1195.vnnlib,20
onnx/medical/perturbations_0.onnx,vnnlib/medical/hyperrectangle_946.vnnlib,20
onnx/ruarobot/perturbations_0.onnx,vnnlib/ruarobot/hyperrectangle_3902.vnnlib,20
onnx/ruarobot/perturbations_0.onnx,vnnlib/ruarobot/hyperrectangle_2912.vnnlib,20
onnx/medical/perturbations_0.onnx,vnnlib/medical/hyperrectangle_30.vnnlib,20
onnx/ruarobot/perturbations_0.onnx,vnnlib/ruarobot/hyperrectangle_4054.vnnlib,20
onnx/ruarobot/perturbations_0.onnx,vnnlib/ruarobot/hyperrectangle_3464.vnnlib,20
onnx/medical/perturbations_0.onnx,vnnlib/medical/hyperrectangle_2184.vnnlib,20
onnx/ruarobot/perturbations_0.onnx,vnnlib/ruarobot/hyperrectangle_6064.vnnlib,20
onnx/ruarobot/perturbations_0.onnx,vnnlib/ruarobot/hyperrectangle_6363.vnnlib,20
onnx/ruarobot/perturbations_0.onnx,vnnlib/ruarobot/hyperrectangle_3926.vnnlib,20
onnx/ruarobot/perturbations_0.onnx,vnnlib/ruarobot/hyperrectangle_2105.vnnlib,20
onnx/ruarobot/perturbations_0.onnx,vnnlib/ruarobot/hyperrectangle_6988.vnnlib,20
onnx/medical/perturbations_0.onnx,vnnlib/medical/hyperrectangle_1840.vnnlib,20
onnx/ruarobot/perturbations_0.onnx,vnnlib/ruarobot/hyperrectangle_6234.vnnlib,20
onnx/ruarobot/perturbations_0.onnx,vnnlib/ruarobot/hyperrectangle_1658.vnnlib,20
onnx/ruarobot/perturbations_0.onnx,vnnlib/ruarobot/hyperrectangle_7077.vnnlib,20
onnx/ruarobot/perturbations_0.onnx,vnnlib/ruarobot/hyperrectangle_5014.vnnlib,20
onnx/medical/perturbations_0.onnx,vnnlib/medical/hyperrectangle_1988.vnnlib,20
onnx/medical/perturbations_0.onnx,vnnlib/medical/hyperrectangle_1643.vnnlib,20
onnx/ruarobot/perturbations_0.onnx,vnnlib/ruarobot/hyperrectangle_3625.vnnlib,20
onnx/ruarobot/perturbations_0.onnx,vnnlib/ruarobot/hyperrectangle_3009.vnnlib,20
onnx/ruarobot/perturbations_0.onnx,vnnlib/ruarobot/hyperrectangle_1150.vnnlib,20
onnx/ruarobot/perturbations_0.onnx,vnnlib/ruarobot/hyperrectangle_7745.vnnlib,20
onnx/medical/perturbations_0.onnx,vnnlib/medical/hyperrectangle_1583.vnnlib,20
onnx/ruarobot/perturbations_0.onnx,vnnlib/ruarobot/hyperrectangle_5143.vnnlib,20
onnx/ruarobot/perturbations_0.onnx,vnnlib/ruarobot/hyperrectangle_2101.vnnlib,20
onnx/ruarobot/perturbations_0.onnx,vnnlib/ruarobot/hyperrectangle_1833.vnnlib,20
onnx/medical/perturbations_0.onnx,vnnlib/medical/hyperrectangle_2310.vnnlib,20
onnx/ruarobot/perturbations_0.onnx,vnnlib/ruarobot/hyperrectangle_307.vnnlib,20
onnx/ruarobot/perturbations_0.onnx,vnnlib/ruarobot/hyperrectangle_1382.vnnlib,20
onnx/medical/perturbations_0.onnx,vnnlib/medical/hyperrectangle_996.vnnlib,20
onnx/ruarobot/perturbations_0.onnx,vnnlib/ruarobot/hyperrectangle_3551.vnnlib,20
onnx/ruarobot/perturbations_0.onnx,vnnlib/ruarobot/hyperrectangle_3499.vnnlib,20
onnx/ruarobot/perturbations_0.onnx,vnnlib/ruarobot/hyperrectangle_6795.vnnlib,20
onnx/ruarobot/perturbations_0.onnx,vnnlib/ruarobot/hyperrectangle_6990.vnnlib,20
onnx/ruarobot/perturbations_0.onnx,vnnlib/ruarobot/hyperrectangle_32.vnnlib,20
onnx/medical/perturbations_0.onnx,vnnlib/medical/hyperrectangle_987.vnnlib,20
onnx/medical/perturbations_0.onnx,vnnlib/medical/hyperrectangle_572.vnnlib,20
onnx/medical/perturbations_0.onnx,vnnlib/medical/hyperrectangle_2661.vnnlib,20
onnx/ruarobot/perturbations_0.onnx,vnnlib/ruarobot/hyperrectangle_2041.vnnlib,20
onnx/ruarobot/perturbations_0.onnx,vnnlib/ruarobot/hyperrectangle_2964.vnnlib,20
onnx/ruarobot/perturbations_0.onnx,vnnlib/ruarobot/hyperrectangle_1603.vnnlib,20
onnx/ruarobot/perturbations_0.onnx,vnnlib/ruarobot/hyperrectangle_4801.vnnlib,20
onnx/medical/perturbations_0.onnx,vnnlib/medical/hyperrectangle_271.vnnlib,20
onnx/medical/perturbations_0.onnx,vnnlib/medical/hyperrectangle_843.vnnlib,20
onnx/ruarobot/perturbations_0.onnx,vnnlib/ruarobot/hyperrectangle_6080.vnnlib,20
onnx/ruarobot/perturbations_0.onnx,vnnlib/ruarobot/hyperrectangle_5554.vnnlib,20
onnx/ruarobot/perturbations_0.onnx,vnnlib/ruarobot/hyperrectangle_3362.vnnlib,20
onnx/ruarobot/perturbations_0.onnx,vnnlib/ruarobot/hyperrectangle_7496.vnnlib,20
onnx/ruarobot/perturbations_0.onnx,vnnlib/ruarobot/hyperrectangle_4124.vnnlib,20
onnx/ruarobot/perturbations_0.onnx,vnnlib/ruarobot/hyperrectangle_7037.vnnlib,20
onnx/medical/perturbations_0.onnx,vnnlib/medical/hyperrectangle_189.vnnlib,20
onnx/ruarobot/perturbations_0.onnx,vnnlib/ruarobot/hyperrectangle_4115.vnnlib,20
onnx/ruarobot/perturbations_0.onnx,vnnlib/ruarobot/hyperrectangle_7766.vnnlib,20
onnx/medical/perturbations_0.onnx,vnnlib/medical/hyperrectangle_1833.vnnlib,20
onnx/medical/perturbations_0.onnx,vnnlib/medical/hyperrectangle_624.vnnlib,20
onnx/ruarobot/perturbations_0.onnx,vnnlib/ruarobot/hyperrectangle_769.vnnlib,20
onnx/ruarobot/perturbations_0.onnx,vnnlib/ruarobot/hyperrectangle_1671.vnnlib,20
onnx/ruarobot/perturbations_0.onnx,vnnlib/ruarobot/hyperrectangle_35.vnnlib,20
onnx/medical/perturbations_0.onnx,vnnlib/medical/hyperrectangle_668.vnnlib,20
onnx/ruarobot/perturbations_0.onnx,vnnlib/ruarobot/hyperrectangle_4786.vnnlib,20
onnx/ruarobot/perturbations_0.onnx,vnnlib/ruarobot/hyperrectangle_4279.vnnlib,20
onnx/ruarobot/perturbations_0.onnx,vnnlib/ruarobot/hyperrectangle_7155.vnnlib,20
onnx/medical/perturbations_0.onnx,vnnlib/medical/hyperrectangle_54.vnnlib,20
onnx/ruarobot/perturbations_0.onnx,vnnlib/ruarobot/hyperrectangle_5870.vnnlib,20
onnx/medical/perturbations_0.onnx,vnnlib/medical/hyperrectangle_1639.vnnlib,20
onnx/ruarobot/perturbations_0.onnx,vnnlib/ruarobot/hyperrectangle_6140.vnnlib,20
onnx/medical/perturbations_0.onnx,vnnlib/medical/hyperrectangle_41.vnnlib,20
onnx/ruarobot/perturbations_0.onnx,vnnlib/ruarobot/hyperrectangle_5998.vnnlib,20
onnx/ruarobot/perturbations_0.onnx,vnnlib/ruarobot/hyperrectangle_3996.vnnlib,20
onnx/ruarobot/perturbations_0.onnx,vnnlib/ruarobot/hyperrectangle_5885.vnnlib,20
onnx/ruarobot/perturbations_0.onnx,vnnlib/ruarobot/hyperrectangle_3035.vnnlib,20
onnx/ruarobot/perturbations_0.onnx,vnnlib/ruarobot/hyperrectangle_7545.vnnlib,20
onnx/ruarobot/perturbations_0.onnx,vnnlib/ruarobot/hyperrectangle_5540.vnnlib,20
onnx/ruarobot/perturbations_0.onnx,vnnlib/ruarobot/hyperrectangle_7172.vnnlib,20
onnx/medical/perturbations_0.onnx,vnnlib/medical/hyperrectangle_594.vnnlib,20
onnx/ruarobot/perturbations_0.onnx,vnnlib/ruarobot/hyperrectangle_1154.vnnlib,20
onnx/ruarobot/perturbations_0.onnx,vnnlib/ruarobot/hyperrectangle_6648.vnnlib,20
onnx/ruarobot/perturbations_0.onnx,vnnlib/ruarobot/hyperrectangle_3901.vnnlib,20
onnx/medical/perturbations_0.onnx,vnnlib/medical/hyperrectangle_1794.vnnlib,20
onnx/ruarobot/perturbations_0.onnx,vnnlib/ruarobot/hyperrectangle_33.vnnlib,20
onnx/medical/perturbations_0.onnx,vnnlib/medical/hyperrectangle_311.vnnlib,20
onnx/medical/perturbations_0.onnx,vnnlib/medical/hyperrectangle_1784.vnnlib,20
onnx/ruarobot/perturbations_0.onnx,vnnlib/ruarobot/hyperrectangle_5233.vnnlib,20
onnx/medical/perturbations_0.onnx,vnnlib/medical/hyperrectangle_1520.vnnlib,20
onnx/ruarobot/perturbations_0.onnx,vnnlib/ruarobot/hyperrectangle_196.vnnlib,20
onnx/medical/perturbations_0.onnx,vnnlib/medical/hyperrectangle_929.vnnlib,20
onnx/medical/perturbations_0.onnx,vnnlib/medical/hyperrectangle_1163.vnnlib,20
onnx/ruarobot/perturbations_0.onnx,vnnlib/ruarobot/hyperrectangle_5484.vnnlib,20
onnx/medical/perturbations_0.onnx,vnnlib/medical/hyperrectangle_2588.vnnlib,20
onnx/ruarobot/perturbations_0.onnx,vnnlib/ruarobot/hyperrectangle_433.vnnlib,20
onnx/medical/perturbations_0.onnx,vnnlib/medical/hyperrectangle_1332.vnnlib,20
onnx/ruarobot/perturbations_0.onnx,vnnlib/ruarobot/hyperrectangle_3958.vnnlib,20
onnx/ruarobot/perturbations_0.onnx,vnnlib/ruarobot/hyperrectangle_3530.vnnlib,20
onnx/ruarobot/perturbations_0.onnx,vnnlib/ruarobot/hyperrectangle_6390.vnnlib,20
onnx/medical/perturbations_0.onnx,vnnlib/medical/hyperrectangle_2784.vnnlib,20
onnx/ruarobot/perturbations_0.onnx,vnnlib/ruarobot/hyperrectangle_2779.vnnlib,20
onnx/ruarobot/perturbations_0.onnx,vnnlib/ruarobot/hyperrectangle_4249.vnnlib,20
onnx/ruarobot/perturbations_0.onnx,vnnlib/ruarobot/hyperrectangle_3223.vnnlib,20
onnx/medical/perturbations_0.onnx,vnnlib/medical/hyperrectangle_2061.vnnlib,20
onnx/ruarobot/perturbations_0.onnx,vnnlib/ruarobot/hyperrectangle_7775.vnnlib,20
onnx/medical/perturbations_0.onnx,vnnlib/medical/hyperrectangle_620.vnnlib,20
onnx/ruarobot/perturbations_0.onnx,vnnlib/ruarobot/hyperrectangle_4454.vnnlib,20
onnx/ruarobot/perturbations_0.onnx,vnnlib/ruarobot/hyperrectangle_6870.vnnlib,20
onnx/medical/perturbations_0.onnx,vnnlib/medical/hyperrectangle_2647.vnnlib,20
onnx/ruarobot/perturbations_0.onnx,vnnlib/ruarobot/hyperrectangle_6942.vnnlib,20
onnx/medical/perturbations_0.onnx,vnnlib/medical/hyperrectangle_913.vnnlib,20
onnx/ruarobot/perturbations_0.onnx,vnnlib/ruarobot/hyperrectangle_2685.vnnlib,20
onnx/medical/perturbations_0.onnx,vnnlib/medical/hyperrectangle_2562.vnnlib,20
onnx/ruarobot/perturbations_0.onnx,vnnlib/ruarobot/hyperrectangle_4941.vnnlib,20
onnx/ruarobot/perturbations_0.onnx,vnnlib/ruarobot/hyperrectangle_3112.vnnlib,20
onnx/ruarobot/perturbations_0.onnx,vnnlib/ruarobot/hyperrectangle_7684.vnnlib,20
onnx/ruarobot/perturbations_0.onnx,vnnlib/ruarobot/hyperrectangle_7803.vnnlib,20
onnx/ruarobot/perturbations_0.onnx,vnnlib/ruarobot/hyperrectangle_2729.vnnlib,20
onnx/ruarobot/perturbations_0.onnx,vnnlib/ruarobot/hyperrectangle_405.vnnlib,20
onnx/ruarobot/perturbations_0.onnx,vnnlib/ruarobot/hyperrectangle_2163.vnnlib,20
onnx/ruarobot/perturbations_0.onnx,vnnlib/ruarobot/hyperrectangle_3354.vnnlib,20
onnx/ruarobot/perturbations_0.onnx,vnnlib/ruarobot/hyperrectangle_2887.vnnlib,20
onnx/ruarobot/perturbations_0.onnx,vnnlib/ruarobot/hyperrectangle_4388.vnnlib,20
onnx/ruarobot/perturbations_0.onnx,vnnlib/ruarobot/hyperrectangle_699.vnnlib,20
onnx/ruarobot/perturbations_0.onnx,vnnlib/ruarobot/hyperrectangle_4957.vnnlib,20
onnx/ruarobot/perturbations_0.onnx,vnnlib/ruarobot/hyperrectangle_4323.vnnlib,20
onnx/ruarobot/perturbations_0.onnx,vnnlib/ruarobot/hyperrectangle_4237.vnnlib,20
onnx/medical/perturbations_0.onnx,vnnlib/medical/hyperrectangle_2321.vnnlib,20
onnx/medical/perturbations_0.onnx,vnnlib/medical/hyperrectangle_300.vnnlib,20
onnx/ruarobot/perturbations_0.onnx,vnnlib/ruarobot/hyperrectangle_45.vnnlib,20
onnx/ruarobot/perturbations_0.onnx,vnnlib/ruarobot/hyperrectangle_2552.vnnlib,20
onnx/ruarobot/perturbations_0.onnx,vnnlib/ruarobot/hyperrectangle_2486.vnnlib,20
onnx/ruarobot/perturbations_0.onnx,vnnlib/ruarobot/hyperrectangle_1368.vnnlib,20
onnx/ruarobot/perturbations_0.onnx,vnnlib/ruarobot/hyperrectangle_7661.vnnlib,20
onnx/ruarobot/perturbations_0.onnx,vnnlib/ruarobot/hyperrectangle_5009.vnnlib,20
onnx/ruarobot/perturbations_0.onnx,vnnlib/ruarobot/hyperrectangle_6947.vnnlib,20
onnx/ruarobot/perturbations_0.onnx,vnnlib/ruarobot/hyperrectangle_5912.vnnlib,20
onnx/ruarobot/perturbations_0.onnx,vnnlib/ruarobot/hyperrectangle_775.vnnlib,20
onnx/ruarobot/perturbations_0.onnx,vnnlib/ruarobot/hyperrectangle_4690.vnnlib,20
onnx/ruarobot/perturbations_0.onnx,vnnlib/ruarobot/hyperrectangle_491.vnnlib,20
onnx/ruarobot/perturbations_0.onnx,vnnlib/ruarobot/hyperrectangle_6052.vnnlib,20
onnx/ruarobot/perturbations_0.onnx,vnnlib/ruarobot/hyperrectangle_4905.vnnlib,20
onnx/ruarobot/perturbations_0.onnx,vnnlib/ruarobot/hyperrectangle_2673.vnnlib,20
onnx/ruarobot/perturbations_0.onnx,vnnlib/ruarobot/hyperrectangle_4289.vnnlib,20
onnx/ruarobot/perturbations_0.onnx,vnnlib/ruarobot/hyperrectangle_2841.vnnlib,20
onnx/medical/perturbations_0.onnx,vnnlib/medical/hyperrectangle_500.vnnlib,20
onnx/ruarobot/perturbations_0.onnx,vnnlib/ruarobot/hyperrectangle_3574.vnnlib,20
onnx/medical/perturbations_0.onnx,vnnlib/medical/hyperrectangle_177.vnnlib,20
onnx/ruarobot/perturbations_0.onnx,vnnlib/ruarobot/hyperrectangle_2596.vnnlib,20
onnx/ruarobot/perturbations_0.onnx,vnnlib/ruarobot/hyperrectangle_3665.vnnlib,20
onnx/ruarobot/perturbations_0.onnx,vnnlib/ruarobot/hyperrectangle_6658.vnnlib,20
onnx/ruarobot/perturbations_0.onnx,vnnlib/ruarobot/hyperrectangle_5374.vnnlib,20
onnx/ruarobot/perturbations_0.onnx,vnnlib/ruarobot/hyperrectangle_5199.vnnlib,20
onnx/ruarobot/perturbations_0.onnx,vnnlib/ruarobot/hyperrectangle_6864.vnnlib,20
onnx/ruarobot/perturbations_0.onnx,vnnlib/ruarobot/hyperrectangle_244.vnnlib,20
onnx/medical/perturbations_0.onnx,vnnlib/medical/hyperrectangle_2572.vnnlib,20
onnx/ruarobot/perturbations_0.onnx,vnnlib/ruarobot/hyperrectangle_2845.vnnlib,20
onnx/ruarobot/perturbations_0.onnx,vnnlib/ruarobot/hyperrectangle_161.vnnlib,20
onnx/ruarobot/perturbations_0.onnx,vnnlib/ruarobot/hyperrectangle_1492.vnnlib,20
onnx/ruarobot/perturbations_0.onnx,vnnlib/ruarobot/hyperrectangle_1527.vnnlib,20
onnx/ruarobot/perturbations_0.onnx,vnnlib/ruarobot/hyperrectangle_6790.vnnlib,20
onnx/ruarobot/perturbations_0.onnx,vnnlib/ruarobot/hyperrectangle_3445.vnnlib,20
onnx/medical/perturbations_0.onnx,vnnlib/medical/hyperrectangle_2777.vnnlib,20
onnx/ruarobot/perturbations_0.onnx,vnnlib/ruarobot/hyperrectangle_4972.vnnlib,20
onnx/ruarobot/perturbations_0.onnx,vnnlib/ruarobot/hyperrectangle_293.vnnlib,20
onnx/medical/perturbations_0.onnx,vnnlib/medical/hyperrectangle_1549.vnnlib,20
onnx/ruarobot/perturbations_0.onnx,vnnlib/ruarobot/hyperrectangle_5973.vnnlib,20
onnx/medical/perturbations_0.onnx,vnnlib/medical/hyperrectangle_1684.vnnlib,20
onnx/ruarobot/perturbations_0.onnx,vnnlib/ruarobot/hyperrectangle_6105.vnnlib,20
onnx/medical/perturbations_0.onnx,vnnlib/medical/hyperrectangle_2697.vnnlib,20
onnx/ruarobot/perturbations_0.onnx,vnnlib/ruarobot/hyperrectangle_3941.vnnlib,20
onnx/ruarobot/perturbations_0.onnx,vnnlib/ruarobot/hyperrectangle_3961.vnnlib,20
onnx/ruarobot/perturbations_0.onnx,vnnlib/ruarobot/hyperrectangle_2489.vnnlib,20
onnx/medical/perturbations_0.onnx,vnnlib/medical/hyperrectangle_949.vnnlib,20
onnx/medical/perturbations_0.onnx,vnnlib/medical/hyperrectangle_89.vnnlib,20
onnx/ruarobot/perturbations_0.onnx,vnnlib/ruarobot/hyperrectangle_634.vnnlib,20
onnx/ruarobot/perturbations_0.onnx,vnnlib/ruarobot/hyperrectangle_7437.vnnlib,20
onnx/ruarobot/perturbations_0.onnx,vnnlib/ruarobot/hyperrectangle_2250.vnnlib,20
onnx/ruarobot/perturbations_0.onnx,vnnlib/ruarobot/hyperrectangle_3481.vnnlib,20
onnx/medical/perturbations_0.onnx,vnnlib/medical/hyperrectangle_989.vnnlib,20
onnx/ruarobot/perturbations_0.onnx,vnnlib/ruarobot/hyperrectangle_5185.vnnlib,20
onnx/ruarobot/perturbations_0.onnx,vnnlib/ruarobot/hyperrectangle_2264.vnnlib,20
onnx/ruarobot/perturbations_0.onnx,vnnlib/ruarobot/hyperrectangle_4911.vnnlib,20
onnx/ruarobot/perturbations_0.onnx,vnnlib/ruarobot/hyperrectangle_3309.vnnlib,20
onnx/ruarobot/perturbations_0.onnx,vnnlib/ruarobot/hyperrectangle_823.vnnlib,20
onnx/ruarobot/perturbations_0.onnx,vnnlib/ruarobot/hyperrectangle_2074.vnnlib,20
onnx/ruarobot/perturbations_0.onnx,vnnlib/ruarobot/hyperrectangle_5600.vnnlib,20
onnx/ruarobot/perturbations_0.onnx,vnnlib/ruarobot/hyperrectangle_2899.vnnlib,20
onnx/medical/perturbations_0.onnx,vnnlib/medical/hyperrectangle_1691.vnnlib,20
onnx/ruarobot/perturbations_0.onnx,vnnlib/ruarobot/hyperrectangle_884.vnnlib,20
onnx/ruarobot/perturbations_0.onnx,vnnlib/ruarobot/hyperrectangle_6981.vnnlib,20
onnx/ruarobot/perturbations_0.onnx,vnnlib/ruarobot/hyperrectangle_5679.vnnlib,20
onnx/medical/perturbations_0.onnx,vnnlib/medical/hyperrectangle_433.vnnlib,20
onnx/ruarobot/perturbations_0.onnx,vnnlib/ruarobot/hyperrectangle_1149.vnnlib,20
onnx/ruarobot/perturbations_0.onnx,vnnlib/ruarobot/hyperrectangle_3442.vnnlib,20
onnx/ruarobot/perturbations_0.onnx,vnnlib/ruarobot/hyperrectangle_6421.vnnlib,20
onnx/ruarobot/perturbations_0.onnx,vnnlib/ruarobot/hyperrectangle_1011.vnnlib,20
onnx/ruarobot/perturbations_0.onnx,vnnlib/ruarobot/hyperrectangle_5936.vnnlib,20
onnx/medical/perturbations_0.onnx,vnnlib/medical/hyperrectangle_2724.vnnlib,20
onnx/ruarobot/perturbations_0.onnx,vnnlib/ruarobot/hyperrectangle_7855.vnnlib,20
onnx/ruarobot/perturbations_0.onnx,vnnlib/ruarobot/hyperrectangle_1741.vnnlib,20
onnx/ruarobot/perturbations_0.onnx,vnnlib/ruarobot/hyperrectangle_7435.vnnlib,20
onnx/ruarobot/perturbations_0.onnx,vnnlib/ruarobot/hyperrectangle_6065.vnnlib,20
onnx/ruarobot/perturbations_0.onnx,vnnlib/ruarobot/hyperrectangle_2181.vnnlib,20
onnx/ruarobot/perturbations_0.onnx,vnnlib/ruarobot/hyperrectangle_4457.vnnlib,20
onnx/ruarobot/perturbations_0.onnx,vnnlib/ruarobot/hyperrectangle_7202.vnnlib,20
onnx/ruarobot/perturbations_0.onnx,vnnlib/ruarobot/hyperrectangle_6761.vnnlib,20
onnx/ruarobot/perturbations_0.onnx,vnnlib/ruarobot/hyperrectangle_6597.vnnlib,20
onnx/ruarobot/perturbations_0.onnx,vnnlib/ruarobot/hyperrectangle_4823.vnnlib,20
onnx/ruarobot/perturbations_0.onnx,vnnlib/ruarobot/hyperrectangle_7228.vnnlib,20
onnx/medical/perturbations_0.onnx,vnnlib/medical/hyperrectangle_2740.vnnlib,20
onnx/medical/perturbations_0.onnx,vnnlib/medical/hyperrectangle_1363.vnnlib,20
onnx/ruarobot/perturbations_0.onnx,vnnlib/ruarobot/hyperrectangle_4830.vnnlib,20
onnx/medical/perturbations_0.onnx,vnnlib/medical/hyperrectangle_2733.vnnlib,20
onnx/ruarobot/perturbations_0.onnx,vnnlib/ruarobot/hyperrectangle_3699.vnnlib,20
onnx/ruarobot/perturbations_0.onnx,vnnlib/ruarobot/hyperrectangle_5698.vnnlib,20
onnx/ruarobot/perturbations_0.onnx,vnnlib/ruarobot/hyperrectangle_6397.vnnlib,20
onnx/ruarobot/perturbations_0.onnx,vnnlib/ruarobot/hyperrectangle_6586.vnnlib,20
onnx/ruarobot/perturbations_0.onnx,vnnlib/ruarobot/hyperrectangle_1072.vnnlib,20
onnx/ruarobot/perturbations_0.onnx,vnnlib/ruarobot/hyperrectangle_4651.vnnlib,20
onnx/ruarobot/perturbations_0.onnx,vnnlib/ruarobot/hyperrectangle_71.vnnlib,20
onnx/ruarobot/perturbations_0.onnx,vnnlib/ruarobot/hyperrectangle_3965.vnnlib,20
onnx/ruarobot/perturbations_0.onnx,vnnlib/ruarobot/hyperrectangle_3056.vnnlib,20
onnx/ruarobot/perturbations_0.onnx,vnnlib/ruarobot/hyperrectangle_7483.vnnlib,20
onnx/ruarobot/perturbations_0.onnx,vnnlib/ruarobot/hyperrectangle_1682.vnnlib,20
onnx/medical/perturbations_0.onnx,vnnlib/medical/hyperrectangle_1091.vnnlib,20
onnx/medical/perturbations_0.onnx,vnnlib/medical/hyperrectangle_1309.vnnlib,20
onnx/ruarobot/perturbations_0.onnx,vnnlib/ruarobot/hyperrectangle_6931.vnnlib,20
onnx/ruarobot/perturbations_0.onnx,vnnlib/ruarobot/hyperrectangle_418.vnnlib,20
onnx/ruarobot/perturbations_0.onnx,vnnlib/ruarobot/hyperrectangle_5859.vnnlib,20
onnx/medical/perturbations_0.onnx,vnnlib/medical/hyperrectangle_700.vnnlib,20
onnx/medical/perturbations_0.onnx,vnnlib/medical/hyperrectangle_2742.vnnlib,20
onnx/ruarobot/perturbations_0.onnx,vnnlib/ruarobot/hyperrectangle_3495.vnnlib,20
onnx/ruarobot/perturbations_0.onnx,vnnlib/ruarobot/hyperrectangle_4291.vnnlib,20
onnx/medical/perturbations_0.onnx,vnnlib/medical/hyperrectangle_1464.vnnlib,20
onnx/ruarobot/perturbations_0.onnx,vnnlib/ruarobot/hyperrectangle_7154.vnnlib,20
onnx/medical/perturbations_0.onnx,vnnlib/medical/hyperrectangle_262.vnnlib,20
onnx/ruarobot/perturbations_0.onnx,vnnlib/ruarobot/hyperrectangle_831.vnnlib,20
onnx/ruarobot/perturbations_0.onnx,vnnlib/ruarobot/hyperrectangle_6807.vnnlib,20
onnx/ruarobot/perturbations_0.onnx,vnnlib/ruarobot/hyperrectangle_2038.vnnlib,20
onnx/ruarobot/perturbations_0.onnx,vnnlib/ruarobot/hyperrectangle_3772.vnnlib,20
onnx/ruarobot/perturbations_0.onnx,vnnlib/ruarobot/hyperrectangle_5181.vnnlib,20
onnx/ruarobot/perturbations_0.onnx,vnnlib/ruarobot/hyperrectangle_4121.vnnlib,20
onnx/ruarobot/perturbations_0.onnx,vnnlib/ruarobot/hyperrectangle_1602.vnnlib,20
onnx/ruarobot/perturbations_0.onnx,vnnlib/ruarobot/hyperrectangle_2543.vnnlib,20
onnx/ruarobot/perturbations_0.onnx,vnnlib/ruarobot/hyperrectangle_2660.vnnlib,20
onnx/ruarobot/perturbations_0.onnx,vnnlib/ruarobot/hyperrectangle_942.vnnlib,20
onnx/ruarobot/perturbations_0.onnx,vnnlib/ruarobot/hyperrectangle_6702.vnnlib,20
onnx/ruarobot/perturbations_0.onnx,vnnlib/ruarobot/hyperrectangle_7681.vnnlib,20
onnx/medical/perturbations_0.onnx,vnnlib/medical/hyperrectangle_506.vnnlib,20
onnx/medical/perturbations_0.onnx,vnnlib/medical/hyperrectangle_1854.vnnlib,20
onnx/ruarobot/perturbations_0.onnx,vnnlib/ruarobot/hyperrectangle_5345.vnnlib,20
onnx/medical/perturbations_0.onnx,vnnlib/medical/hyperrectangle_2624.vnnlib,20
onnx/ruarobot/perturbations_0.onnx,vnnlib/ruarobot/hyperrectangle_7016.vnnlib,20
onnx/ruarobot/perturbations_0.onnx,vnnlib/ruarobot/hyperrectangle_4456.vnnlib,20
onnx/medical/perturbations_0.onnx,vnnlib/medical/hyperrectangle_2119.vnnlib,20
onnx/ruarobot/perturbations_0.onnx,vnnlib/ruarobot/hyperrectangle_6119.vnnlib,20
onnx/ruarobot/perturbations_0.onnx,vnnlib/ruarobot/hyperrectangle_3870.vnnlib,20
onnx/ruarobot/perturbations_0.onnx,vnnlib/ruarobot/hyperrectangle_7203.vnnlib,20
onnx/ruarobot/perturbations_0.onnx,vnnlib/ruarobot/hyperrectangle_5984.vnnlib,20
onnx/ruarobot/perturbations_0.onnx,vnnlib/ruarobot/hyperrectangle_2460.vnnlib,20
onnx/medical/perturbations_0.onnx,vnnlib/medical/hyperrectangle_1889.vnnlib,20
onnx/ruarobot/perturbations_0.onnx,vnnlib/ruarobot/hyperrectangle_65.vnnlib,20
onnx/ruarobot/perturbations_0.onnx,vnnlib/ruarobot/hyperrectangle_2206.vnnlib,20
onnx/ruarobot/perturbations_0.onnx,vnnlib/ruarobot/hyperrectangle_5054.vnnlib,20
onnx/ruarobot/perturbations_0.onnx,vnnlib/ruarobot/hyperrectangle_1220.vnnlib,20
onnx/ruarobot/perturbations_0.onnx,vnnlib/ruarobot/hyperrectangle_4521.vnnlib,20
onnx/ruarobot/perturbations_0.onnx,vnnlib/ruarobot/hyperrectangle_2900.vnnlib,20
onnx/medical/perturbations_0.onnx,vnnlib/medical/hyperrectangle_716.vnnlib,20
onnx/medical/perturbations_0.onnx,vnnlib/medical/hyperrectangle_943.vnnlib,20
onnx/ruarobot/perturbations_0.onnx,vnnlib/ruarobot/hyperrectangle_6315.vnnlib,20
onnx/medical/perturbations_0.onnx,vnnlib/medical/hyperrectangle_722.vnnlib,20
onnx/medical/perturbations_0.onnx,vnnlib/medical/hyperrectangle_956.vnnlib,20
onnx/ruarobot/perturbations_0.onnx,vnnlib/ruarobot/hyperrectangle_3319.vnnlib,20
onnx/medical/perturbations_0.onnx,vnnlib/medical/hyperrectangle_34.vnnlib,20
onnx/ruarobot/perturbations_0.onnx,vnnlib/ruarobot/hyperrectangle_5397.vnnlib,20
onnx/ruarobot/perturbations_0.onnx,vnnlib/ruarobot/hyperrectangle_7225.vnnlib,20
onnx/ruarobot/perturbations_0.onnx,vnnlib/ruarobot/hyperrectangle_6132.vnnlib,20
onnx/ruarobot/perturbations_0.onnx,vnnlib/ruarobot/hyperrectangle_2895.vnnlib,20
onnx/ruarobot/perturbations_0.onnx,vnnlib/ruarobot/hyperrectangle_4265.vnnlib,20
onnx/ruarobot/perturbations_0.onnx,vnnlib/ruarobot/hyperrectangle_5696.vnnlib,20
onnx/ruarobot/perturbations_0.onnx,vnnlib/ruarobot/hyperrectangle_5886.vnnlib,20
onnx/ruarobot/perturbations_0.onnx,vnnlib/ruarobot/hyperrectangle_7561.vnnlib,20
onnx/medical/perturbations_0.onnx,vnnlib/medical/hyperrectangle_958.vnnlib,20
onnx/ruarobot/perturbations_0.onnx,vnnlib/ruarobot/hyperrectangle_1356.vnnlib,20
onnx/ruarobot/perturbations_0.onnx,vnnlib/ruarobot/hyperrectangle_3285.vnnlib,20
onnx/ruarobot/perturbations_0.onnx,vnnlib/ruarobot/hyperrectangle_4948.vnnlib,20
onnx/ruarobot/perturbations_0.onnx,vnnlib/ruarobot/hyperrectangle_3935.vnnlib,20
onnx/ruarobot/perturbations_0.onnx,vnnlib/ruarobot/hyperrectangle_5962.vnnlib,20
onnx/ruarobot/perturbations_0.onnx,vnnlib/ruarobot/hyperrectangle_385.vnnlib,20
onnx/ruarobot/perturbations_0.onnx,vnnlib/ruarobot/hyperrectangle_6277.vnnlib,20
onnx/ruarobot/perturbations_0.onnx,vnnlib/ruarobot/hyperrectangle_4870.vnnlib,20
onnx/ruarobot/perturbations_0.onnx,vnnlib/ruarobot/hyperrectangle_4773.vnnlib,20
onnx/ruarobot/perturbations_0.onnx,vnnlib/ruarobot/hyperrectangle_6672.vnnlib,20
onnx/ruarobot/perturbations_0.onnx,vnnlib/ruarobot/hyperrectangle_2804.vnnlib,20
onnx/ruarobot/perturbations_0.onnx,vnnlib/ruarobot/hyperrectangle_3333.vnnlib,20
onnx/ruarobot/perturbations_0.onnx,vnnlib/ruarobot/hyperrectangle_347.vnnlib,20
onnx/ruarobot/perturbations_0.onnx,vnnlib/ruarobot/hyperrectangle_1534.vnnlib,20
onnx/medical/perturbations_0.onnx,vnnlib/medical/hyperrectangle_869.vnnlib,20
onnx/ruarobot/perturbations_0.onnx,vnnlib/ruarobot/hyperrectangle_3036.vnnlib,20
onnx/ruarobot/perturbations_0.onnx,vnnlib/ruarobot/hyperrectangle_3555.vnnlib,20
onnx/ruarobot/perturbations_0.onnx,vnnlib/ruarobot/hyperrectangle_1420.vnnlib,20
onnx/ruarobot/perturbations_0.onnx,vnnlib/ruarobot/hyperrectangle_1697.vnnlib,20
onnx/medical/perturbations_0.onnx,vnnlib/medical/hyperrectangle_841.vnnlib,20
onnx/medical/perturbations_0.onnx,vnnlib/medical/hyperrectangle_771.vnnlib,20
onnx/ruarobot/perturbations_0.onnx,vnnlib/ruarobot/hyperrectangle_58.vnnlib,20
onnx/ruarobot/perturbations_0.onnx,vnnlib/ruarobot/hyperrectangle_6020.vnnlib,20
onnx/medical/perturbations_0.onnx,vnnlib/medical/hyperrectangle_1748.vnnlib,20
onnx/ruarobot/perturbations_0.onnx,vnnlib/ruarobot/hyperrectangle_5001.vnnlib,20
onnx/ruarobot/perturbations_0.onnx,vnnlib/ruarobot/hyperrectangle_1190.vnnlib,20
onnx/ruarobot/perturbations_0.onnx,vnnlib/ruarobot/hyperrectangle_6503.vnnlib,20
onnx/medical/perturbations_0.onnx,vnnlib/medical/hyperrectangle_59.vnnlib,20
onnx/ruarobot/perturbations_0.onnx,vnnlib/ruarobot/hyperrectangle_3702.vnnlib,20
onnx/ruarobot/perturbations_0.onnx,vnnlib/ruarobot/hyperrectangle_2820.vnnlib,20
onnx/ruarobot/perturbations_0.onnx,vnnlib/ruarobot/hyperrectangle_7750.vnnlib,20
onnx/ruarobot/perturbations_0.onnx,vnnlib/ruarobot/hyperrectangle_1215.vnnlib,20
onnx/ruarobot/perturbations_0.onnx,vnnlib/ruarobot/hyperrectangle_2365.vnnlib,20
onnx/ruarobot/perturbations_0.onnx,vnnlib/ruarobot/hyperrectangle_4630.vnnlib,20
onnx/ruarobot/perturbations_0.onnx,vnnlib/ruarobot/hyperrectangle_5063.vnnlib,20
onnx/ruarobot/perturbations_0.onnx,vnnlib/ruarobot/hyperrectangle_3188.vnnlib,20
onnx/ruarobot/perturbations_0.onnx,vnnlib/ruarobot/hyperrectangle_5457.vnnlib,20
onnx/ruarobot/perturbations_0.onnx,vnnlib/ruarobot/hyperrectangle_7476.vnnlib,20
onnx/ruarobot/perturbations_0.onnx,vnnlib/ruarobot/hyperrectangle_3222.vnnlib,20
onnx/ruarobot/perturbations_0.onnx,vnnlib/ruarobot/hyperrectangle_1064.vnnlib,20
onnx/ruarobot/perturbations_0.onnx,vnnlib/ruarobot/hyperrectangle_5293.vnnlib,20
onnx/ruarobot/perturbations_0.onnx,vnnlib/ruarobot/hyperrectangle_5643.vnnlib,20
onnx/ruarobot/perturbations_0.onnx,vnnlib/ruarobot/hyperrectangle_6743.vnnlib,20
onnx/medical/perturbations_0.onnx,vnnlib/medical/hyperrectangle_1047.vnnlib,20
onnx/ruarobot/perturbations_0.onnx,vnnlib/ruarobot/hyperrectangle_4958.vnnlib,20
onnx/ruarobot/perturbations_0.onnx,vnnlib/ruarobot/hyperrectangle_7443.vnnlib,20
onnx/medical/perturbations_0.onnx,vnnlib/medical/hyperrectangle_2698.vnnlib,20
onnx/medical/perturbations_0.onnx,vnnlib/medical/hyperrectangle_1215.vnnlib,20
onnx/medical/perturbations_0.onnx,vnnlib/medical/hyperrectangle_2322.vnnlib,20
onnx/ruarobot/perturbations_0.onnx,vnnlib/ruarobot/hyperrectangle_1219.vnnlib,20
onnx/ruarobot/perturbations_0.onnx,vnnlib/ruarobot/hyperrectangle_5519.vnnlib,20
onnx/medical/perturbations_0.onnx,vnnlib/medical/hyperrectangle_586.vnnlib,20
onnx/ruarobot/perturbations_0.onnx,vnnlib/ruarobot/hyperrectangle_6937.vnnlib,20
onnx/medical/perturbations_0.onnx,vnnlib/medical/hyperrectangle_642.vnnlib,20
onnx/medical/perturbations_0.onnx,vnnlib/medical/hyperrectangle_866.vnnlib,20
onnx/medical/perturbations_0.onnx,vnnlib/medical/hyperrectangle_2847.vnnlib,20
onnx/ruarobot/perturbations_0.onnx,vnnlib/ruarobot/hyperrectangle_7767.vnnlib,20
onnx/ruarobot/perturbations_0.onnx,vnnlib/ruarobot/hyperrectangle_777.vnnlib,20
onnx/medical/perturbations_0.onnx,vnnlib/medical/hyperrectangle_1869.vnnlib,20
onnx/ruarobot/perturbations_0.onnx,vnnlib/ruarobot/hyperrectangle_1477.vnnlib,20
onnx/medical/perturbations_0.onnx,vnnlib/medical/hyperrectangle_2557.vnnlib,20
onnx/ruarobot/perturbations_0.onnx,vnnlib/ruarobot/hyperrectangle_7695.vnnlib,20
onnx/medical/perturbations_0.onnx,vnnlib/medical/hyperrectangle_2680.vnnlib,20
onnx/ruarobot/perturbations_0.onnx,vnnlib/ruarobot/hyperrectangle_4459.vnnlib,20
onnx/ruarobot/perturbations_0.onnx,vnnlib/ruarobot/hyperrectangle_7865.vnnlib,20
onnx/ruarobot/perturbations_0.onnx,vnnlib/ruarobot/hyperrectangle_1890.vnnlib,20
onnx/ruarobot/perturbations_0.onnx,vnnlib/ruarobot/hyperrectangle_4123.vnnlib,20
onnx/ruarobot/perturbations_0.onnx,vnnlib/ruarobot/hyperrectangle_1808.vnnlib,20
onnx/ruarobot/perturbations_0.onnx,vnnlib/ruarobot/hyperrectangle_2363.vnnlib,20
onnx/medical/perturbations_0.onnx,vnnlib/medical/hyperrectangle_14.vnnlib,20
onnx/ruarobot/perturbations_0.onnx,vnnlib/ruarobot/hyperrectangle_2068.vnnlib,20
onnx/medical/perturbations_0.onnx,vnnlib/medical/hyperrectangle_839.vnnlib,20
onnx/ruarobot/perturbations_0.onnx,vnnlib/ruarobot/hyperrectangle_959.vnnlib,20
onnx/ruarobot/perturbations_0.onnx,vnnlib/ruarobot/hyperrectangle_5155.vnnlib,20
onnx/medical/perturbations_0.onnx,vnnlib/medical/hyperrectangle_1739.vnnlib,20
onnx/ruarobot/perturbations_0.onnx,vnnlib/ruarobot/hyperrectangle_2734.vnnlib,20
onnx/ruarobot/perturbations_0.onnx,vnnlib/ruarobot/hyperrectangle_4230.vnnlib,20
onnx/ruarobot/perturbations_0.onnx,vnnlib/ruarobot/hyperrectangle_6377.vnnlib,20
onnx/ruarobot/perturbations_0.onnx,vnnlib/ruarobot/hyperrectangle_790.vnnlib,20
onnx/ruarobot/perturbations_0.onnx,vnnlib/ruarobot/hyperrectangle_1077.vnnlib,20
onnx/ruarobot/perturbations_0.onnx,vnnlib/ruarobot/hyperrectangle_2558.vnnlib,20
onnx/ruarobot/perturbations_0.onnx,vnnlib/ruarobot/hyperrectangle_5573.vnnlib,20
onnx/ruarobot/perturbations_0.onnx,vnnlib/ruarobot/hyperrectangle_6604.vnnlib,20
onnx/medical/perturbations_0.onnx,vnnlib/medical/hyperrectangle_2096.vnnlib,20
onnx/ruarobot/perturbations_0.onnx,vnnlib/ruarobot/hyperrectangle_68.vnnlib,20
onnx/medical/perturbations_0.onnx,vnnlib/medical/hyperrectangle_2607.vnnlib,20
onnx/ruarobot/perturbations_0.onnx,vnnlib/ruarobot/hyperrectangle_4884.vnnlib,20
onnx/ruarobot/perturbations_0.onnx,vnnlib/ruarobot/hyperrectangle_1936.vnnlib,20
onnx/medical/perturbations_0.onnx,vnnlib/medical/hyperrectangle_2710.vnnlib,20
onnx/medical/perturbations_0.onnx,vnnlib/medical/hyperrectangle_1037.vnnlib,20
onnx/ruarobot/perturbations_0.onnx,vnnlib/ruarobot/hyperrectangle_6373.vnnlib,20
onnx/ruarobot/perturbations_0.onnx,vnnlib/ruarobot/hyperrectangle_7467.vnnlib,20
onnx/ruarobot/perturbations_0.onnx,vnnlib/ruarobot/hyperrectangle_2259.vnnlib,20
onnx/ruarobot/perturbations_0.onnx,vnnlib/ruarobot/hyperrectangle_4496.vnnlib,20
onnx/ruarobot/perturbations_0.onnx,vnnlib/ruarobot/hyperrectangle_3316.vnnlib,20
onnx/medical/perturbations_0.onnx,vnnlib/medical/hyperrectangle_267.vnnlib,20
onnx/medical/perturbations_0.onnx,vnnlib/medical/hyperrectangle_672.vnnlib,20
onnx/ruarobot/perturbations_0.onnx,vnnlib/ruarobot/hyperrectangle_6215.vnnlib,20
onnx/ruarobot/perturbations_0.onnx,vnnlib/ruarobot/hyperrectangle_1521.vnnlib,20
onnx/ruarobot/perturbations_0.onnx,vnnlib/ruarobot/hyperrectangle_626.vnnlib,20
onnx/ruarobot/perturbations_0.onnx,vnnlib/ruarobot/hyperrectangle_5024.vnnlib,20
onnx/ruarobot/perturbations_0.onnx,vnnlib/ruarobot/hyperrectangle_5134.vnnlib,20
onnx/medical/perturbations_0.onnx,vnnlib/medical/hyperrectangle_1993.vnnlib,20
onnx/ruarobot/perturbations_0.onnx,vnnlib/ruarobot/hyperrectangle_5980.vnnlib,20
onnx/ruarobot/perturbations_0.onnx,vnnlib/ruarobot/hyperrectangle_6430.vnnlib,20
onnx/ruarobot/perturbations_0.onnx,vnnlib/ruarobot/hyperrectangle_477.vnnlib,20
onnx/ruarobot/perturbations_0.onnx,vnnlib/ruarobot/hyperrectangle_5317.vnnlib,20
onnx/ruarobot/perturbations_0.onnx,vnnlib/ruarobot/hyperrectangle_3259.vnnlib,20
onnx/ruarobot/perturbations_0.onnx,vnnlib/ruarobot/hyperrectangle_7735.vnnlib,20
onnx/ruarobot/perturbations_0.onnx,vnnlib/ruarobot/hyperrectangle_2784.vnnlib,20
onnx/ruarobot/perturbations_0.onnx,vnnlib/ruarobot/hyperrectangle_2697.vnnlib,20
onnx/medical/perturbations_0.onnx,vnnlib/medical/hyperrectangle_2101.vnnlib,20
onnx/ruarobot/perturbations_0.onnx,vnnlib/ruarobot/hyperrectangle_3016.vnnlib,20
onnx/ruarobot/perturbations_0.onnx,vnnlib/ruarobot/hyperrectangle_6536.vnnlib,20
onnx/ruarobot/perturbations_0.onnx,vnnlib/ruarobot/hyperrectangle_7578.vnnlib,20
onnx/ruarobot/perturbations_0.onnx,vnnlib/ruarobot/hyperrectangle_3654.vnnlib,20
onnx/ruarobot/perturbations_0.onnx,vnnlib/ruarobot/hyperrectangle_5526.vnnlib,20
onnx/ruarobot/perturbations_0.onnx,vnnlib/ruarobot/hyperrectangle_1608.vnnlib,20
onnx/ruarobot/perturbations_0.onnx,vnnlib/ruarobot/hyperrectangle_1923.vnnlib,20
onnx/ruarobot/perturbations_0.onnx,vnnlib/ruarobot/hyperrectangle_2744.vnnlib,20
onnx/ruarobot/perturbations_0.onnx,vnnlib/ruarobot/hyperrectangle_929.vnnlib,20
onnx/ruarobot/perturbations_0.onnx,vnnlib/ruarobot/hyperrectangle_5265.vnnlib,20
onnx/medical/perturbations_0.onnx,vnnlib/medical/hyperrectangle_1506.vnnlib,20
onnx/ruarobot/perturbations_0.onnx,vnnlib/ruarobot/hyperrectangle_3154.vnnlib,20
onnx/ruarobot/perturbations_0.onnx,vnnlib/ruarobot/hyperrectangle_2203.vnnlib,20
onnx/ruarobot/perturbations_0.onnx,vnnlib/ruarobot/hyperrectangle_3653.vnnlib,20
onnx/ruarobot/perturbations_0.onnx,vnnlib/ruarobot/hyperrectangle_4061.vnnlib,20
onnx/ruarobot/perturbations_0.onnx,vnnlib/ruarobot/hyperrectangle_6049.vnnlib,20
onnx/ruarobot/perturbations_0.onnx,vnnlib/ruarobot/hyperrectangle_3529.vnnlib,20
onnx/ruarobot/perturbations_0.onnx,vnnlib/ruarobot/hyperrectangle_2395.vnnlib,20
onnx/ruarobot/perturbations_0.onnx,vnnlib/ruarobot/hyperrectangle_6058.vnnlib,20
onnx/ruarobot/perturbations_0.onnx,vnnlib/ruarobot/hyperrectangle_7633.vnnlib,20
onnx/ruarobot/perturbations_0.onnx,vnnlib/ruarobot/hyperrectangle_999.vnnlib,20
onnx/ruarobot/perturbations_0.onnx,vnnlib/ruarobot/hyperrectangle_5237.vnnlib,20
onnx/ruarobot/perturbations_0.onnx,vnnlib/ruarobot/hyperrectangle_7616.vnnlib,20
onnx/ruarobot/perturbations_0.onnx,vnnlib/ruarobot/hyperrectangle_2787.vnnlib,20
onnx/ruarobot/perturbations_0.onnx,vnnlib/ruarobot/hyperrectangle_2533.vnnlib,20
onnx/medical/perturbations_0.onnx,vnnlib/medical/hyperrectangle_2168.vnnlib,20
onnx/ruarobot/perturbations_0.onnx,vnnlib/ruarobot/hyperrectangle_5128.vnnlib,20
onnx/medical/perturbations_0.onnx,vnnlib/medical/hyperrectangle_2868.vnnlib,20
onnx/ruarobot/perturbations_0.onnx,vnnlib/ruarobot/hyperrectangle_3719.vnnlib,20
onnx/medical/perturbations_0.onnx,vnnlib/medical/hyperrectangle_944.vnnlib,20
onnx/medical/perturbations_0.onnx,vnnlib/medical/hyperrectangle_1546.vnnlib,20
onnx/ruarobot/perturbations_0.onnx,vnnlib/ruarobot/hyperrectangle_5900.vnnlib,20
onnx/ruarobot/perturbations_0.onnx,vnnlib/ruarobot/hyperrectangle_4438.vnnlib,20
onnx/ruarobot/perturbations_0.onnx,vnnlib/ruarobot/hyperrectangle_7875.vnnlib,20
onnx/ruarobot/perturbations_0.onnx,vnnlib/ruarobot/hyperrectangle_469.vnnlib,20
onnx/medical/perturbations_0.onnx,vnnlib/medical/hyperrectangle_1738.vnnlib,20
onnx/medical/perturbations_0.onnx,vnnlib/medical/hyperrectangle_237.vnnlib,20
onnx/medical/perturbations_0.onnx,vnnlib/medical/hyperrectangle_2430.vnnlib,20
onnx/medical/perturbations_0.onnx,vnnlib/medical/hyperrectangle_947.vnnlib,20
onnx/medical/perturbations_0.onnx,vnnlib/medical/hyperrectangle_2663.vnnlib,20
onnx/ruarobot/perturbations_0.onnx,vnnlib/ruarobot/hyperrectangle_4803.vnnlib,20
onnx/ruarobot/perturbations_0.onnx,vnnlib/ruarobot/hyperrectangle_5828.vnnlib,20
onnx/ruarobot/perturbations_0.onnx,vnnlib/ruarobot/hyperrectangle_4295.vnnlib,20
onnx/ruarobot/perturbations_0.onnx,vnnlib/ruarobot/hyperrectangle_2399.vnnlib,20
onnx/medical/perturbations_0.onnx,vnnlib/medical/hyperrectangle_1709.vnnlib,20
onnx/ruarobot/perturbations_0.onnx,vnnlib/ruarobot/hyperrectangle_531.vnnlib,20
onnx/ruarobot/perturbations_0.onnx,vnnlib/ruarobot/hyperrectangle_6319.vnnlib,20
onnx/medical/perturbations_0.onnx,vnnlib/medical/hyperrectangle_2516.vnnlib,20
onnx/medical/perturbations_0.onnx,vnnlib/medical/hyperrectangle_1705.vnnlib,20
onnx/ruarobot/perturbations_0.onnx,vnnlib/ruarobot/hyperrectangle_5660.vnnlib,20
onnx/medical/perturbations_0.onnx,vnnlib/medical/hyperrectangle_1587.vnnlib,20
onnx/medical/perturbations_0.onnx,vnnlib/medical/hyperrectangle_1476.vnnlib,20
onnx/ruarobot/perturbations_0.onnx,vnnlib/ruarobot/hyperrectangle_2439.vnnlib,20
onnx/ruarobot/perturbations_0.onnx,vnnlib/ruarobot/hyperrectangle_7503.vnnlib,20
onnx/medical/perturbations_0.onnx,vnnlib/medical/hyperrectangle_662.vnnlib,20
onnx/medical/perturbations_0.onnx,vnnlib/medical/hyperrectangle_1263.vnnlib,20
onnx/ruarobot/perturbations_0.onnx,vnnlib/ruarobot/hyperrectangle_6914.vnnlib,20
onnx/medical/perturbations_0.onnx,vnnlib/medical/hyperrectangle_2464.vnnlib,20
onnx/ruarobot/perturbations_0.onnx,vnnlib/ruarobot/hyperrectangle_6890.vnnlib,20
onnx/medical/perturbations_0.onnx,vnnlib/medical/hyperrectangle_1032.vnnlib,20
onnx/ruarobot/perturbations_0.onnx,vnnlib/ruarobot/hyperrectangle_2593.vnnlib,20
onnx/ruarobot/perturbations_0.onnx,vnnlib/ruarobot/hyperrectangle_4557.vnnlib,20
onnx/medical/perturbations_0.onnx,vnnlib/medical/hyperrectangle_2695.vnnlib,20
onnx/ruarobot/perturbations_0.onnx,vnnlib/ruarobot/hyperrectangle_3465.vnnlib,20
onnx/ruarobot/perturbations_0.onnx,vnnlib/ruarobot/hyperrectangle_3449.vnnlib,20
onnx/medical/perturbations_0.onnx,vnnlib/medical/hyperrectangle_660.vnnlib,20
onnx/ruarobot/perturbations_0.onnx,vnnlib/ruarobot/hyperrectangle_3286.vnnlib,20
onnx/medical/perturbations_0.onnx,vnnlib/medical/hyperrectangle_548.vnnlib,20
onnx/medical/perturbations_0.onnx,vnnlib/medical/hyperrectangle_1415.vnnlib,20
onnx/ruarobot/perturbations_0.onnx,vnnlib/ruarobot/hyperrectangle_492.vnnlib,20
onnx/ruarobot/perturbations_0.onnx,vnnlib/ruarobot/hyperrectangle_3547.vnnlib,20
onnx/ruarobot/perturbations_0.onnx,vnnlib/ruarobot/hyperrectangle_4305.vnnlib,20
onnx/medical/perturbations_0.onnx,vnnlib/medical/hyperrectangle_2219.vnnlib,20
onnx/ruarobot/perturbations_0.onnx,vnnlib/ruarobot/hyperrectangle_5928.vnnlib,20
onnx/ruarobot/perturbations_0.onnx,vnnlib/ruarobot/hyperrectangle_4679.vnnlib,20
onnx/ruarobot/perturbations_0.onnx,vnnlib/ruarobot/hyperrectangle_2956.vnnlib,20
onnx/ruarobot/perturbations_0.onnx,vnnlib/ruarobot/hyperrectangle_3840.vnnlib,20
onnx/medical/perturbations_0.onnx,vnnlib/medical/hyperrectangle_2541.vnnlib,20
onnx/ruarobot/perturbations_0.onnx,vnnlib/ruarobot/hyperrectangle_2914.vnnlib,20
onnx/ruarobot/perturbations_0.onnx,vnnlib/ruarobot/hyperrectangle_2018.vnnlib,20
onnx/ruarobot/perturbations_0.onnx,vnnlib/ruarobot/hyperrectangle_5248.vnnlib,20
onnx/medical/perturbations_0.onnx,vnnlib/medical/hyperrectangle_1443.vnnlib,20
onnx/medical/perturbations_0.onnx,vnnlib/medical/hyperrectangle_2053.vnnlib,20
onnx/medical/perturbations_0.onnx,vnnlib/medical/hyperrectangle_2334.vnnlib,20
onnx/ruarobot/perturbations_0.onnx,vnnlib/ruarobot/hyperrectangle_6652.vnnlib,20
onnx/ruarobot/perturbations_0.onnx,vnnlib/ruarobot/hyperrectangle_4142.vnnlib,20
onnx/ruarobot/perturbations_0.onnx,vnnlib/ruarobot/hyperrectangle_2788.vnnlib,20
onnx/ruarobot/perturbations_0.onnx,vnnlib/ruarobot/hyperrectangle_5670.vnnlib,20
onnx/ruarobot/perturbations_0.onnx,vnnlib/ruarobot/hyperrectangle_2473.vnnlib,20
onnx/ruarobot/perturbations_0.onnx,vnnlib/ruarobot/hyperrectangle_6241.vnnlib,20
onnx/ruarobot/perturbations_0.onnx,vnnlib/ruarobot/hyperrectangle_3808.vnnlib,20
onnx/ruarobot/perturbations_0.onnx,vnnlib/ruarobot/hyperrectangle_7130.vnnlib,20
onnx/ruarobot/perturbations_0.onnx,vnnlib/ruarobot/hyperrectangle_6819.vnnlib,20
onnx/medical/perturbations_0.onnx,vnnlib/medical/hyperrectangle_587.vnnlib,20
onnx/ruarobot/perturbations_0.onnx,vnnlib/ruarobot/hyperrectangle_5800.vnnlib,20
onnx/ruarobot/perturbations_0.onnx,vnnlib/ruarobot/hyperrectangle_4908.vnnlib,20
onnx/medical/perturbations_0.onnx,vnnlib/medical/hyperrectangle_1582.vnnlib,20
onnx/ruarobot/perturbations_0.onnx,vnnlib/ruarobot/hyperrectangle_2903.vnnlib,20
onnx/medical/perturbations_0.onnx,vnnlib/medical/hyperrectangle_2231.vnnlib,20
onnx/medical/perturbations_0.onnx,vnnlib/medical/hyperrectangle_2714.vnnlib,20
onnx/ruarobot/perturbations_0.onnx,vnnlib/ruarobot/hyperrectangle_6939.vnnlib,20
onnx/ruarobot/perturbations_0.onnx,vnnlib/ruarobot/hyperrectangle_6120.vnnlib,20
onnx/ruarobot/perturbations_0.onnx,vnnlib/ruarobot/hyperrectangle_5360.vnnlib,20
onnx/medical/perturbations_0.onnx,vnnlib/medical/hyperrectangle_2057.vnnlib,20
onnx/ruarobot/perturbations_0.onnx,vnnlib/ruarobot/hyperrectangle_4258.vnnlib,20
onnx/medical/perturbations_0.onnx,vnnlib/medical/hyperrectangle_710.vnnlib,20
onnx/ruarobot/perturbations_0.onnx,vnnlib/ruarobot/hyperrectangle_784.vnnlib,20
onnx/ruarobot/perturbations_0.onnx,vnnlib/ruarobot/hyperrectangle_1334.vnnlib,20
onnx/medical/perturbations_0.onnx,vnnlib/medical/hyperrectangle_1623.vnnlib,20
onnx/ruarobot/perturbations_0.onnx,vnnlib/ruarobot/hyperrectangle_1997.vnnlib,20
onnx/ruarobot/perturbations_0.onnx,vnnlib/ruarobot/hyperrectangle_791.vnnlib,20
onnx/medical/perturbations_0.onnx,vnnlib/medical/hyperrectangle_2524.vnnlib,20
onnx/ruarobot/perturbations_0.onnx,vnnlib/ruarobot/hyperrectangle_3123.vnnlib,20
onnx/ruarobot/perturbations_0.onnx,vnnlib/ruarobot/hyperrectangle_7418.vnnlib,20
onnx/ruarobot/perturbations_0.onnx,vnnlib/ruarobot/hyperrectangle_7692.vnnlib,20
onnx/ruarobot/perturbations_0.onnx,vnnlib/ruarobot/hyperrectangle_547.vnnlib,20
onnx/ruarobot/perturbations_0.onnx,vnnlib/ruarobot/hyperrectangle_7226.vnnlib,20
onnx/ruarobot/perturbations_0.onnx,vnnlib/ruarobot/hyperrectangle_821.vnnlib,20
onnx/ruarobot/perturbations_0.onnx,vnnlib/ruarobot/hyperrectangle_6416.vnnlib,20
onnx/ruarobot/perturbations_0.onnx,vnnlib/ruarobot/hyperrectangle_5688.vnnlib,20
onnx/ruarobot/perturbations_0.onnx,vnnlib/ruarobot/hyperrectangle_1302.vnnlib,20
onnx/ruarobot/perturbations_0.onnx,vnnlib/ruarobot/hyperrectangle_6614.vnnlib,20
onnx/ruarobot/perturbations_0.onnx,vnnlib/ruarobot/hyperrectangle_6909.vnnlib,20
onnx/ruarobot/perturbations_0.onnx,vnnlib/ruarobot/hyperrectangle_2234.vnnlib,20
onnx/ruarobot/perturbations_0.onnx,vnnlib/ruarobot/hyperrectangle_2566.vnnlib,20
onnx/ruarobot/perturbations_0.onnx,vnnlib/ruarobot/hyperrectangle_55.vnnlib,20
onnx/ruarobot/perturbations_0.onnx,vnnlib/ruarobot/hyperrectangle_4101.vnnlib,20
onnx/medical/perturbations_0.onnx,vnnlib/medical/hyperrectangle_780.vnnlib,20
onnx/ruarobot/perturbations_0.onnx,vnnlib/ruarobot/hyperrectangle_2257.vnnlib,20
onnx/medical/perturbations_0.onnx,vnnlib/medical/hyperrectangle_2407.vnnlib,20
onnx/ruarobot/perturbations_0.onnx,vnnlib/ruarobot/hyperrectangle_4236.vnnlib,20
onnx/ruarobot/perturbations_0.onnx,vnnlib/ruarobot/hyperrectangle_3212.vnnlib,20
onnx/ruarobot/perturbations_0.onnx,vnnlib/ruarobot/hyperrectangle_2686.vnnlib,20
onnx/ruarobot/perturbations_0.onnx,vnnlib/ruarobot/hyperrectangle_4862.vnnlib,20
onnx/ruarobot/perturbations_0.onnx,vnnlib/ruarobot/hyperrectangle_5493.vnnlib,20
onnx/ruarobot/perturbations_0.onnx,vnnlib/ruarobot/hyperrectangle_6547.vnnlib,20
onnx/ruarobot/perturbations_0.onnx,vnnlib/ruarobot/hyperrectangle_4662.vnnlib,20
onnx/ruarobot/perturbations_0.onnx,vnnlib/ruarobot/hyperrectangle_4637.vnnlib,20
onnx/ruarobot/perturbations_0.onnx,vnnlib/ruarobot/hyperrectangle_7874.vnnlib,20
onnx/medical/perturbations_0.onnx,vnnlib/medical/hyperrectangle_1353.vnnlib,20
onnx/medical/perturbations_0.onnx,vnnlib/medical/hyperrectangle_1512.vnnlib,20
onnx/ruarobot/perturbations_0.onnx,vnnlib/ruarobot/hyperrectangle_5258.vnnlib,20
onnx/ruarobot/perturbations_0.onnx,vnnlib/ruarobot/hyperrectangle_2039.vnnlib,20
onnx/ruarobot/perturbations_0.onnx,vnnlib/ruarobot/hyperrectangle_4889.vnnlib,20
onnx/ruarobot/perturbations_0.onnx,vnnlib/ruarobot/hyperrectangle_6013.vnnlib,20
onnx/medical/perturbations_0.onnx,vnnlib/medical/hyperrectangle_308.vnnlib,20
onnx/ruarobot/perturbations_0.onnx,vnnlib/ruarobot/hyperrectangle_1841.vnnlib,20
onnx/medical/perturbations_0.onnx,vnnlib/medical/hyperrectangle_447.vnnlib,20
onnx/medical/perturbations_0.onnx,vnnlib/medical/hyperrectangle_232.vnnlib,20
onnx/ruarobot/perturbations_0.onnx,vnnlib/ruarobot/hyperrectangle_2094.vnnlib,20
onnx/ruarobot/perturbations_0.onnx,vnnlib/ruarobot/hyperrectangle_345.vnnlib,20
onnx/ruarobot/perturbations_0.onnx,vnnlib/ruarobot/hyperrectangle_3977.vnnlib,20
onnx/medical/perturbations_0.onnx,vnnlib/medical/hyperrectangle_75.vnnlib,20
onnx/medical/perturbations_0.onnx,vnnlib/medical/hyperrectangle_2091.vnnlib,20
onnx/ruarobot/perturbations_0.onnx,vnnlib/ruarobot/hyperrectangle_608.vnnlib,20
onnx/ruarobot/perturbations_0.onnx,vnnlib/ruarobot/hyperrectangle_2981.vnnlib,20
onnx/medical/perturbations_0.onnx,vnnlib/medical/hyperrectangle_2525.vnnlib,20
onnx/ruarobot/perturbations_0.onnx,vnnlib/ruarobot/hyperrectangle_7164.vnnlib,20
onnx/ruarobot/perturbations_0.onnx,vnnlib/ruarobot/hyperrectangle_6249.vnnlib,20
onnx/ruarobot/perturbations_0.onnx,vnnlib/ruarobot/hyperrectangle_541.vnnlib,20
onnx/ruarobot/perturbations_0.onnx,vnnlib/ruarobot/hyperrectangle_6427.vnnlib,20
onnx/ruarobot/perturbations_0.onnx,vnnlib/ruarobot/hyperrectangle_1176.vnnlib,20
onnx/ruarobot/perturbations_0.onnx,vnnlib/ruarobot/hyperrectangle_282.vnnlib,20
onnx/ruarobot/perturbations_0.onnx,vnnlib/ruarobot/hyperrectangle_1177.vnnlib,20
onnx/ruarobot/perturbations_0.onnx,vnnlib/ruarobot/hyperrectangle_6183.vnnlib,20
onnx/medical/perturbations_0.onnx,vnnlib/medical/hyperrectangle_2806.vnnlib,20
onnx/ruarobot/perturbations_0.onnx,vnnlib/ruarobot/hyperrectangle_5716.vnnlib,20
onnx/ruarobot/perturbations_0.onnx,vnnlib/ruarobot/hyperrectangle_5966.vnnlib,20
onnx/ruarobot/perturbations_0.onnx,vnnlib/ruarobot/hyperrectangle_1711.vnnlib,20
onnx/ruarobot/perturbations_0.onnx,vnnlib/ruarobot/hyperrectangle_3447.vnnlib,20
onnx/medical/perturbations_0.onnx,vnnlib/medical/hyperrectangle_2596.vnnlib,20
onnx/ruarobot/perturbations_0.onnx,vnnlib/ruarobot/hyperrectangle_1242.vnnlib,20
onnx/ruarobot/perturbations_0.onnx,vnnlib/ruarobot/hyperrectangle_975.vnnlib,20
onnx/ruarobot/perturbations_0.onnx,vnnlib/ruarobot/hyperrectangle_4467.vnnlib,20
onnx/ruarobot/perturbations_0.onnx,vnnlib/ruarobot/hyperrectangle_6342.vnnlib,20
onnx/ruarobot/perturbations_0.onnx,vnnlib/ruarobot/hyperrectangle_2428.vnnlib,20
onnx/ruarobot/perturbations_0.onnx,vnnlib/ruarobot/hyperrectangle_1489.vnnlib,20
onnx/medical/perturbations_0.onnx,vnnlib/medical/hyperrectangle_1084.vnnlib,20
onnx/ruarobot/perturbations_0.onnx,vnnlib/ruarobot/hyperrectangle_5072.vnnlib,20
onnx/ruarobot/perturbations_0.onnx,vnnlib/ruarobot/hyperrectangle_2695.vnnlib,20
onnx/medical/perturbations_0.onnx,vnnlib/medical/hyperrectangle_1793.vnnlib,20
onnx/ruarobot/perturbations_0.onnx,vnnlib/ruarobot/hyperrectangle_7288.vnnlib,20
onnx/medical/perturbations_0.onnx,vnnlib/medical/hyperrectangle_243.vnnlib,20
onnx/ruarobot/perturbations_0.onnx,vnnlib/ruarobot/hyperrectangle_4041.vnnlib,20
onnx/medical/perturbations_0.onnx,vnnlib/medical/hyperrectangle_920.vnnlib,20
onnx/medical/perturbations_0.onnx,vnnlib/medical/hyperrectangle_1611.vnnlib,20
onnx/medical/perturbations_0.onnx,vnnlib/medical/hyperrectangle_1434.vnnlib,20
onnx/ruarobot/perturbations_0.onnx,vnnlib/ruarobot/hyperrectangle_9.vnnlib,20
onnx/ruarobot/perturbations_0.onnx,vnnlib/ruarobot/hyperrectangle_5682.vnnlib,20
onnx/ruarobot/perturbations_0.onnx,vnnlib/ruarobot/hyperrectangle_6522.vnnlib,20
onnx/ruarobot/perturbations_0.onnx,vnnlib/ruarobot/hyperrectangle_4802.vnnlib,20
onnx/medical/perturbations_0.onnx,vnnlib/medical/hyperrectangle_1769.vnnlib,20
onnx/ruarobot/perturbations_0.onnx,vnnlib/ruarobot/hyperrectangle_5498.vnnlib,20
onnx/ruarobot/perturbations_0.onnx,vnnlib/ruarobot/hyperrectangle_3040.vnnlib,20
onnx/ruarobot/perturbations_0.onnx,vnnlib/ruarobot/hyperrectangle_4411.vnnlib,20
onnx/ruarobot/perturbations_0.onnx,vnnlib/ruarobot/hyperrectangle_661.vnnlib,20
onnx/ruarobot/perturbations_0.onnx,vnnlib/ruarobot/hyperrectangle_6187.vnnlib,20
onnx/ruarobot/perturbations_0.onnx,vnnlib/ruarobot/hyperrectangle_5398.vnnlib,20
onnx/ruarobot/perturbations_0.onnx,vnnlib/ruarobot/hyperrectangle_2746.vnnlib,20
onnx/ruarobot/perturbations_0.onnx,vnnlib/ruarobot/hyperrectangle_315.vnnlib,20
onnx/ruarobot/perturbations_0.onnx,vnnlib/ruarobot/hyperrectangle_5644.vnnlib,20
onnx/ruarobot/perturbations_0.onnx,vnnlib/ruarobot/hyperrectangle_3110.vnnlib,20
onnx/ruarobot/perturbations_0.onnx,vnnlib/ruarobot/hyperrectangle_3945.vnnlib,20
onnx/ruarobot/perturbations_0.onnx,vnnlib/ruarobot/hyperrectangle_2132.vnnlib,20
onnx/ruarobot/perturbations_0.onnx,vnnlib/ruarobot/hyperrectangle_5429.vnnlib,20
onnx/medical/perturbations_0.onnx,vnnlib/medical/hyperrectangle_279.vnnlib,20
onnx/ruarobot/perturbations_0.onnx,vnnlib/ruarobot/hyperrectangle_6561.vnnlib,20
onnx/ruarobot/perturbations_0.onnx,vnnlib/ruarobot/hyperrectangle_2371.vnnlib,20
onnx/ruarobot/perturbations_0.onnx,vnnlib/ruarobot/hyperrectangle_1327.vnnlib,20
onnx/medical/perturbations_0.onnx,vnnlib/medical/hyperrectangle_1411.vnnlib,20
onnx/medical/perturbations_0.onnx,vnnlib/medical/hyperrectangle_1626.vnnlib,20
onnx/ruarobot/perturbations_0.onnx,vnnlib/ruarobot/hyperrectangle_2307.vnnlib,20
onnx/medical/perturbations_0.onnx,vnnlib/medical/hyperrectangle_631.vnnlib,20
onnx/ruarobot/perturbations_0.onnx,vnnlib/ruarobot/hyperrectangle_3954.vnnlib,20
onnx/ruarobot/perturbations_0.onnx,vnnlib/ruarobot/hyperrectangle_909.vnnlib,20
onnx/ruarobot/perturbations_0.onnx,vnnlib/ruarobot/hyperrectangle_7018.vnnlib,20
onnx/ruarobot/perturbations_0.onnx,vnnlib/ruarobot/hyperrectangle_5392.vnnlib,20
onnx/ruarobot/perturbations_0.onnx,vnnlib/ruarobot/hyperrectangle_6408.vnnlib,20
onnx/ruarobot/perturbations_0.onnx,vnnlib/ruarobot/hyperrectangle_2738.vnnlib,20
onnx/ruarobot/perturbations_0.onnx,vnnlib/ruarobot/hyperrectangle_5346.vnnlib,20
onnx/medical/perturbations_0.onnx,vnnlib/medical/hyperrectangle_613.vnnlib,20
onnx/ruarobot/perturbations_0.onnx,vnnlib/ruarobot/hyperrectangle_239.vnnlib,20
onnx/ruarobot/perturbations_0.onnx,vnnlib/ruarobot/hyperrectangle_4417.vnnlib,20
onnx/ruarobot/perturbations_0.onnx,vnnlib/ruarobot/hyperrectangle_7482.vnnlib,20
onnx/ruarobot/perturbations_0.onnx,vnnlib/ruarobot/hyperrectangle_6038.vnnlib,20
onnx/ruarobot/perturbations_0.onnx,vnnlib/ruarobot/hyperrectangle_4987.vnnlib,20
onnx/ruarobot/perturbations_0.onnx,vnnlib/ruarobot/hyperrectangle_6526.vnnlib,20
onnx/ruarobot/perturbations_0.onnx,vnnlib/ruarobot/hyperrectangle_3339.vnnlib,20
onnx/medical/perturbations_0.onnx,vnnlib/medical/hyperrectangle_1427.vnnlib,20
onnx/ruarobot/perturbations_0.onnx,vnnlib/ruarobot/hyperrectangle_872.vnnlib,20
onnx/medical/perturbations_0.onnx,vnnlib/medical/hyperrectangle_1290.vnnlib,20
onnx/medical/perturbations_0.onnx,vnnlib/medical/hyperrectangle_1818.vnnlib,20
onnx/ruarobot/perturbations_0.onnx,vnnlib/ruarobot/hyperrectangle_1.vnnlib,20
onnx/ruarobot/perturbations_0.onnx,vnnlib/ruarobot/hyperrectangle_3670.vnnlib,20
onnx/medical/perturbations_0.onnx,vnnlib/medical/hyperrectangle_1123.vnnlib,20
onnx/ruarobot/perturbations_0.onnx,vnnlib/ruarobot/hyperrectangle_6143.vnnlib,20
onnx/ruarobot/perturbations_0.onnx,vnnlib/ruarobot/hyperrectangle_675.vnnlib,20
onnx/medical/perturbations_0.onnx,vnnlib/medical/hyperrectangle_1408.vnnlib,20
onnx/ruarobot/perturbations_0.onnx,vnnlib/ruarobot/hyperrectangle_2191.vnnlib,20
onnx/ruarobot/perturbations_0.onnx,vnnlib/ruarobot/hyperrectangle_7043.vnnlib,20
onnx/ruarobot/perturbations_0.onnx,vnnlib/ruarobot/hyperrectangle_4942.vnnlib,20
onnx/ruarobot/perturbations_0.onnx,vnnlib/ruarobot/hyperrectangle_3512.vnnlib,20
onnx/ruarobot/perturbations_0.onnx,vnnlib/ruarobot/hyperrectangle_1589.vnnlib,20
onnx/ruarobot/perturbations_0.onnx,vnnlib/ruarobot/hyperrectangle_876.vnnlib,20
onnx/ruarobot/perturbations_0.onnx,vnnlib/ruarobot/hyperrectangle_3778.vnnlib,20
onnx/ruarobot/perturbations_0.onnx,vnnlib/ruarobot/hyperrectangle_4274.vnnlib,20
onnx/ruarobot/perturbations_0.onnx,vnnlib/ruarobot/hyperrectangle_6685.vnnlib,20
onnx/ruarobot/perturbations_0.onnx,vnnlib/ruarobot/hyperrectangle_597.vnnlib,20
onnx/medical/perturbations_0.onnx,vnnlib/medical/hyperrectangle_1005.vnnlib,20
onnx/ruarobot/perturbations_0.onnx,vnnlib/ruarobot/hyperrectangle_1777.vnnlib,20
onnx/ruarobot/perturbations_0.onnx,vnnlib/ruarobot/hyperrectangle_5766.vnnlib,20
onnx/ruarobot/perturbations_0.onnx,vnnlib/ruarobot/hyperrectangle_6529.vnnlib,20
onnx/ruarobot/perturbations_0.onnx,vnnlib/ruarobot/hyperrectangle_6095.vnnlib,20
onnx/ruarobot/perturbations_0.onnx,vnnlib/ruarobot/hyperrectangle_6829.vnnlib,20
onnx/ruarobot/perturbations_0.onnx,vnnlib/ruarobot/hyperrectangle_109.vnnlib,20
onnx/medical/perturbations_0.onnx,vnnlib/medical/hyperrectangle_127.vnnlib,20
onnx/medical/perturbations_0.onnx,vnnlib/medical/hyperrectangle_592.vnnlib,20
onnx/ruarobot/perturbations_0.onnx,vnnlib/ruarobot/hyperrectangle_1106.vnnlib,20
onnx/medical/perturbations_0.onnx,vnnlib/medical/hyperrectangle_732.vnnlib,20
onnx/ruarobot/perturbations_0.onnx,vnnlib/ruarobot/hyperrectangle_2640.vnnlib,20
onnx/ruarobot/perturbations_0.onnx,vnnlib/ruarobot/hyperrectangle_5247.vnnlib,20
onnx/ruarobot/perturbations_0.onnx,vnnlib/ruarobot/hyperrectangle_5520.vnnlib,20
onnx/ruarobot/perturbations_0.onnx,vnnlib/ruarobot/hyperrectangle_2851.vnnlib,20
onnx/ruarobot/perturbations_0.onnx,vnnlib/ruarobot/hyperrectangle_5875.vnnlib,20
onnx/ruarobot/perturbations_0.onnx,vnnlib/ruarobot/hyperrectangle_5758.vnnlib,20
onnx/medical/perturbations_0.onnx,vnnlib/medical/hyperrectangle_2404.vnnlib,20
onnx/medical/perturbations_0.onnx,vnnlib/medical/hyperrectangle_1319.vnnlib,20
onnx/ruarobot/perturbations_0.onnx,vnnlib/ruarobot/hyperrectangle_5642.vnnlib,20
onnx/medical/perturbations_0.onnx,vnnlib/medical/hyperrectangle_278.vnnlib,20
onnx/medical/perturbations_0.onnx,vnnlib/medical/hyperrectangle_2882.vnnlib,20
onnx/ruarobot/perturbations_0.onnx,vnnlib/ruarobot/hyperrectangle_7891.vnnlib,20
onnx/ruarobot/perturbations_0.onnx,vnnlib/ruarobot/hyperrectangle_6943.vnnlib,20
onnx/ruarobot/perturbations_0.onnx,vnnlib/ruarobot/hyperrectangle_6716.vnnlib,20
onnx/medical/perturbations_0.onnx,vnnlib/medical/hyperrectangle_1396.vnnlib,20
onnx/ruarobot/perturbations_0.onnx,vnnlib/ruarobot/hyperrectangle_246.vnnlib,20
onnx/ruarobot/perturbations_0.onnx,vnnlib/ruarobot/hyperrectangle_1411.vnnlib,20
onnx/medical/perturbations_0.onnx,vnnlib/medical/hyperrectangle_1914.vnnlib,20
onnx/ruarobot/perturbations_0.onnx,vnnlib/ruarobot/hyperrectangle_5232.vnnlib,20
onnx/ruarobot/perturbations_0.onnx,vnnlib/ruarobot/hyperrectangle_7002.vnnlib,20
onnx/ruarobot/perturbations_0.onnx,vnnlib/ruarobot/hyperrectangle_5198.vnnlib,20
onnx/ruarobot/perturbations_0.onnx,vnnlib/ruarobot/hyperrectangle_4034.vnnlib,20
onnx/ruarobot/perturbations_0.onnx,vnnlib/ruarobot/hyperrectangle_7084.vnnlib,20
onnx/medical/perturbations_0.onnx,vnnlib/medical/hyperrectangle_1610.vnnlib,20
onnx/medical/perturbations_0.onnx,vnnlib/medical/hyperrectangle_2110.vnnlib,20
onnx/ruarobot/perturbations_0.onnx,vnnlib/ruarobot/hyperrectangle_4368.vnnlib,20
onnx/ruarobot/perturbations_0.onnx,vnnlib/ruarobot/hyperrectangle_1204.vnnlib,20
onnx/ruarobot/perturbations_0.onnx,vnnlib/ruarobot/hyperrectangle_3177.vnnlib,20
onnx/medical/perturbations_0.onnx,vnnlib/medical/hyperrectangle_168.vnnlib,20
onnx/ruarobot/perturbations_0.onnx,vnnlib/ruarobot/hyperrectangle_5250.vnnlib,20
onnx/ruarobot/perturbations_0.onnx,vnnlib/ruarobot/hyperrectangle_2157.vnnlib,20
onnx/ruarobot/perturbations_0.onnx,vnnlib/ruarobot/hyperrectangle_4240.vnnlib,20
onnx/medical/perturbations_0.onnx,vnnlib/medical/hyperrectangle_2371.vnnlib,20
onnx/ruarobot/perturbations_0.onnx,vnnlib/ruarobot/hyperrectangle_183.vnnlib,20
onnx/ruarobot/perturbations_0.onnx,vnnlib/ruarobot/hyperrectangle_3734.vnnlib,20
onnx/ruarobot/perturbations_0.onnx,vnnlib/ruarobot/hyperrectangle_7150.vnnlib,20
onnx/ruarobot/perturbations_0.onnx,vnnlib/ruarobot/hyperrectangle_5914.vnnlib,20
onnx/ruarobot/perturbations_0.onnx,vnnlib/ruarobot/hyperrectangle_2759.vnnlib,20
onnx/medical/perturbations_0.onnx,vnnlib/medical/hyperrectangle_1999.vnnlib,20
onnx/ruarobot/perturbations_0.onnx,vnnlib/ruarobot/hyperrectangle_3781.vnnlib,20
onnx/ruarobot/perturbations_0.onnx,vnnlib/ruarobot/hyperrectangle_7251.vnnlib,20
onnx/ruarobot/perturbations_0.onnx,vnnlib/ruarobot/hyperrectangle_3006.vnnlib,20
onnx/ruarobot/perturbations_0.onnx,vnnlib/ruarobot/hyperrectangle_3304.vnnlib,20
onnx/medical/perturbations_0.onnx,vnnlib/medical/hyperrectangle_2731.vnnlib,20
onnx/medical/perturbations_0.onnx,vnnlib/medical/hyperrectangle_719.vnnlib,20
onnx/ruarobot/perturbations_0.onnx,vnnlib/ruarobot/hyperrectangle_5168.vnnlib,20
onnx/ruarobot/perturbations_0.onnx,vnnlib/ruarobot/hyperrectangle_3081.vnnlib,20
onnx/medical/perturbations_0.onnx,vnnlib/medical/hyperrectangle_2603.vnnlib,20
onnx/ruarobot/perturbations_0.onnx,vnnlib/ruarobot/hyperrectangle_3689.vnnlib,20
onnx/medical/perturbations_0.onnx,vnnlib/medical/hyperrectangle_1143.vnnlib,20
onnx/medical/perturbations_0.onnx,vnnlib/medical/hyperrectangle_824.vnnlib,20
onnx/medical/perturbations_0.onnx,vnnlib/medical/hyperrectangle_795.vnnlib,20
onnx/ruarobot/perturbations_0.onnx,vnnlib/ruarobot/hyperrectangle_4896.vnnlib,20
onnx/ruarobot/perturbations_0.onnx,vnnlib/ruarobot/hyperrectangle_7140.vnnlib,20
onnx/ruarobot/perturbations_0.onnx,vnnlib/ruarobot/hyperrectangle_735.vnnlib,20
onnx/ruarobot/perturbations_0.onnx,vnnlib/ruarobot/hyperrectangle_868.vnnlib,20
onnx/ruarobot/perturbations_0.onnx,vnnlib/ruarobot/hyperrectangle_1913.vnnlib,20
onnx/medical/perturbations_0.onnx,vnnlib/medical/hyperrectangle_2160.vnnlib,20
onnx/ruarobot/perturbations_0.onnx,vnnlib/ruarobot/hyperrectangle_910.vnnlib,20
onnx/medical/perturbations_0.onnx,vnnlib/medical/hyperrectangle_1220.vnnlib,20
onnx/ruarobot/perturbations_0.onnx,vnnlib/ruarobot/hyperrectangle_593.vnnlib,20
onnx/ruarobot/perturbations_0.onnx,vnnlib/ruarobot/hyperrectangle_7676.vnnlib,20
onnx/ruarobot/perturbations_0.onnx,vnnlib/ruarobot/hyperrectangle_5921.vnnlib,20
onnx/ruarobot/perturbations_0.onnx,vnnlib/ruarobot/hyperrectangle_7792.vnnlib,20
onnx/ruarobot/perturbations_0.onnx,vnnlib/ruarobot/hyperrectangle_3500.vnnlib,20
onnx/ruarobot/perturbations_0.onnx,vnnlib/ruarobot/hyperrectangle_7272.vnnlib,20
onnx/medical/perturbations_0.onnx,vnnlib/medical/hyperrectangle_1314.vnnlib,20
onnx/ruarobot/perturbations_0.onnx,vnnlib/ruarobot/hyperrectangle_6259.vnnlib,20
onnx/ruarobot/perturbations_0.onnx,vnnlib/ruarobot/hyperrectangle_6014.vnnlib,20
onnx/ruarobot/perturbations_0.onnx,vnnlib/ruarobot/hyperrectangle_7773.vnnlib,20
onnx/ruarobot/perturbations_0.onnx,vnnlib/ruarobot/hyperrectangle_337.vnnlib,20
onnx/ruarobot/perturbations_0.onnx,vnnlib/ruarobot/hyperrectangle_3241.vnnlib,20
onnx/ruarobot/perturbations_0.onnx,vnnlib/ruarobot/hyperrectangle_396.vnnlib,20
onnx/ruarobot/perturbations_0.onnx,vnnlib/ruarobot/hyperrectangle_79.vnnlib,20
onnx/ruarobot/perturbations_0.onnx,vnnlib/ruarobot/hyperrectangle_5579.vnnlib,20
onnx/ruarobot/perturbations_0.onnx,vnnlib/ruarobot/hyperrectangle_7249.vnnlib,20
onnx/medical/perturbations_0.onnx,vnnlib/medical/hyperrectangle_1503.vnnlib,20
onnx/ruarobot/perturbations_0.onnx,vnnlib/ruarobot/hyperrectangle_2905.vnnlib,20
onnx/ruarobot/perturbations_0.onnx,vnnlib/ruarobot/hyperrectangle_4272.vnnlib,20
onnx/ruarobot/perturbations_0.onnx,vnnlib/ruarobot/hyperrectangle_4770.vnnlib,20
onnx/medical/perturbations_0.onnx,vnnlib/medical/hyperrectangle_71.vnnlib,20
onnx/medical/perturbations_0.onnx,vnnlib/medical/hyperrectangle_2743.vnnlib,20
onnx/medical/perturbations_0.onnx,vnnlib/medical/hyperrectangle_2511.vnnlib,20
onnx/ruarobot/perturbations_0.onnx,vnnlib/ruarobot/hyperrectangle_5137.vnnlib,20
onnx/ruarobot/perturbations_0.onnx,vnnlib/ruarobot/hyperrectangle_5623.vnnlib,20
onnx/ruarobot/perturbations_0.onnx,vnnlib/ruarobot/hyperrectangle_4634.vnnlib,20
onnx/ruarobot/perturbations_0.onnx,vnnlib/ruarobot/hyperrectangle_1452.vnnlib,20
onnx/ruarobot/perturbations_0.onnx,vnnlib/ruarobot/hyperrectangle_1707.vnnlib,20
onnx/ruarobot/perturbations_0.onnx,vnnlib/ruarobot/hyperrectangle_1392.vnnlib,20
onnx/ruarobot/perturbations_0.onnx,vnnlib/ruarobot/hyperrectangle_7479.vnnlib,20
onnx/ruarobot/perturbations_0.onnx,vnnlib/ruarobot/hyperrectangle_6678.vnnlib,20
onnx/ruarobot/perturbations_0.onnx,vnnlib/ruarobot/hyperrectangle_6534.vnnlib,20
onnx/ruarobot/perturbations_0.onnx,vnnlib/ruarobot/hyperrectangle_1103.vnnlib,20
